--
-- PostgreSQL database dump
--

-- Dumped from database version 9.5.14
-- Dumped by pg_dump version 9.5.14

SET statement_timeout = 0;
SET lock_timeout = 0;
SET client_encoding = 'UTF8';
SET standard_conforming_strings = on;
SELECT pg_catalog.set_config('search_path', '', false);
SET check_function_bodies = false;
SET client_min_messages = warning;
SET row_security = off;

--
-- Name: plpgsql; Type: EXTENSION; Schema: -; Owner: 
--

CREATE EXTENSION IF NOT EXISTS plpgsql WITH SCHEMA pg_catalog;


--
-- Name: EXTENSION plpgsql; Type: COMMENT; Schema: -; Owner: 
--

COMMENT ON EXTENSION plpgsql IS 'PL/pgSQL procedural language';


SET default_tablespace = '';

SET default_with_oids = false;

--
-- Name: auth_group; Type: TABLE; Schema: public; Owner: adminadmin
--

CREATE TABLE public.auth_group (
    id integer NOT NULL,
    name character varying(80) NOT NULL
);


ALTER TABLE public.auth_group OWNER TO adminadmin;

--
-- Name: auth_group_id_seq; Type: SEQUENCE; Schema: public; Owner: adminadmin
--

CREATE SEQUENCE public.auth_group_id_seq
    START WITH 1
    INCREMENT BY 1
    NO MINVALUE
    NO MAXVALUE
    CACHE 1;


ALTER TABLE public.auth_group_id_seq OWNER TO adminadmin;

--
-- Name: auth_group_id_seq; Type: SEQUENCE OWNED BY; Schema: public; Owner: adminadmin
--

ALTER SEQUENCE public.auth_group_id_seq OWNED BY public.auth_group.id;


--
-- Name: auth_group_permissions; Type: TABLE; Schema: public; Owner: adminadmin
--

CREATE TABLE public.auth_group_permissions (
    id integer NOT NULL,
    group_id integer NOT NULL,
    permission_id integer NOT NULL
);


ALTER TABLE public.auth_group_permissions OWNER TO adminadmin;

--
-- Name: auth_group_permissions_id_seq; Type: SEQUENCE; Schema: public; Owner: adminadmin
--

CREATE SEQUENCE public.auth_group_permissions_id_seq
    START WITH 1
    INCREMENT BY 1
    NO MINVALUE
    NO MAXVALUE
    CACHE 1;


ALTER TABLE public.auth_group_permissions_id_seq OWNER TO adminadmin;

--
-- Name: auth_group_permissions_id_seq; Type: SEQUENCE OWNED BY; Schema: public; Owner: adminadmin
--

ALTER SEQUENCE public.auth_group_permissions_id_seq OWNED BY public.auth_group_permissions.id;


--
-- Name: auth_permission; Type: TABLE; Schema: public; Owner: adminadmin
--

CREATE TABLE public.auth_permission (
    id integer NOT NULL,
    name character varying(255) NOT NULL,
    content_type_id integer NOT NULL,
    codename character varying(100) NOT NULL
);


ALTER TABLE public.auth_permission OWNER TO adminadmin;

--
-- Name: auth_permission_id_seq; Type: SEQUENCE; Schema: public; Owner: adminadmin
--

CREATE SEQUENCE public.auth_permission_id_seq
    START WITH 1
    INCREMENT BY 1
    NO MINVALUE
    NO MAXVALUE
    CACHE 1;


ALTER TABLE public.auth_permission_id_seq OWNER TO adminadmin;

--
-- Name: auth_permission_id_seq; Type: SEQUENCE OWNED BY; Schema: public; Owner: adminadmin
--

ALTER SEQUENCE public.auth_permission_id_seq OWNED BY public.auth_permission.id;


--
-- Name: auth_user; Type: TABLE; Schema: public; Owner: adminadmin
--

CREATE TABLE public.auth_user (
    id integer NOT NULL,
    password character varying(128) NOT NULL,
    last_login timestamp with time zone,
    is_superuser boolean NOT NULL,
    username character varying(150) NOT NULL,
    first_name character varying(30) NOT NULL,
    last_name character varying(150) NOT NULL,
    email character varying(254) NOT NULL,
    is_staff boolean NOT NULL,
    is_active boolean NOT NULL,
    date_joined timestamp with time zone NOT NULL
);


ALTER TABLE public.auth_user OWNER TO adminadmin;

--
-- Name: auth_user_groups; Type: TABLE; Schema: public; Owner: adminadmin
--

CREATE TABLE public.auth_user_groups (
    id integer NOT NULL,
    user_id integer NOT NULL,
    group_id integer NOT NULL
);


ALTER TABLE public.auth_user_groups OWNER TO adminadmin;

--
-- Name: auth_user_groups_id_seq; Type: SEQUENCE; Schema: public; Owner: adminadmin
--

CREATE SEQUENCE public.auth_user_groups_id_seq
    START WITH 1
    INCREMENT BY 1
    NO MINVALUE
    NO MAXVALUE
    CACHE 1;


ALTER TABLE public.auth_user_groups_id_seq OWNER TO adminadmin;

--
-- Name: auth_user_groups_id_seq; Type: SEQUENCE OWNED BY; Schema: public; Owner: adminadmin
--

ALTER SEQUENCE public.auth_user_groups_id_seq OWNED BY public.auth_user_groups.id;


--
-- Name: auth_user_id_seq; Type: SEQUENCE; Schema: public; Owner: adminadmin
--

CREATE SEQUENCE public.auth_user_id_seq
    START WITH 1
    INCREMENT BY 1
    NO MINVALUE
    NO MAXVALUE
    CACHE 1;


ALTER TABLE public.auth_user_id_seq OWNER TO adminadmin;

--
-- Name: auth_user_id_seq; Type: SEQUENCE OWNED BY; Schema: public; Owner: adminadmin
--

ALTER SEQUENCE public.auth_user_id_seq OWNED BY public.auth_user.id;


--
-- Name: auth_user_user_permissions; Type: TABLE; Schema: public; Owner: adminadmin
--

CREATE TABLE public.auth_user_user_permissions (
    id integer NOT NULL,
    user_id integer NOT NULL,
    permission_id integer NOT NULL
);


ALTER TABLE public.auth_user_user_permissions OWNER TO adminadmin;

--
-- Name: auth_user_user_permissions_id_seq; Type: SEQUENCE; Schema: public; Owner: adminadmin
--

CREATE SEQUENCE public.auth_user_user_permissions_id_seq
    START WITH 1
    INCREMENT BY 1
    NO MINVALUE
    NO MAXVALUE
    CACHE 1;


ALTER TABLE public.auth_user_user_permissions_id_seq OWNER TO adminadmin;

--
-- Name: auth_user_user_permissions_id_seq; Type: SEQUENCE OWNED BY; Schema: public; Owner: adminadmin
--

ALTER SEQUENCE public.auth_user_user_permissions_id_seq OWNED BY public.auth_user_user_permissions.id;


--
-- Name: django_admin_log; Type: TABLE; Schema: public; Owner: adminadmin
--

CREATE TABLE public.django_admin_log (
    id integer NOT NULL,
    action_time timestamp with time zone NOT NULL,
    object_id text,
    object_repr character varying(200) NOT NULL,
    action_flag smallint NOT NULL,
    change_message text NOT NULL,
    content_type_id integer,
    user_id integer NOT NULL,
    CONSTRAINT django_admin_log_action_flag_check CHECK ((action_flag >= 0))
);


ALTER TABLE public.django_admin_log OWNER TO adminadmin;

--
-- Name: django_admin_log_id_seq; Type: SEQUENCE; Schema: public; Owner: adminadmin
--

CREATE SEQUENCE public.django_admin_log_id_seq
    START WITH 1
    INCREMENT BY 1
    NO MINVALUE
    NO MAXVALUE
    CACHE 1;


ALTER TABLE public.django_admin_log_id_seq OWNER TO adminadmin;

--
-- Name: django_admin_log_id_seq; Type: SEQUENCE OWNED BY; Schema: public; Owner: adminadmin
--

ALTER SEQUENCE public.django_admin_log_id_seq OWNED BY public.django_admin_log.id;


--
-- Name: django_content_type; Type: TABLE; Schema: public; Owner: adminadmin
--

CREATE TABLE public.django_content_type (
    id integer NOT NULL,
    app_label character varying(100) NOT NULL,
    model character varying(100) NOT NULL
);


ALTER TABLE public.django_content_type OWNER TO adminadmin;

--
-- Name: django_content_type_id_seq; Type: SEQUENCE; Schema: public; Owner: adminadmin
--

CREATE SEQUENCE public.django_content_type_id_seq
    START WITH 1
    INCREMENT BY 1
    NO MINVALUE
    NO MAXVALUE
    CACHE 1;


ALTER TABLE public.django_content_type_id_seq OWNER TO adminadmin;

--
-- Name: django_content_type_id_seq; Type: SEQUENCE OWNED BY; Schema: public; Owner: adminadmin
--

ALTER SEQUENCE public.django_content_type_id_seq OWNED BY public.django_content_type.id;


--
-- Name: django_migrations; Type: TABLE; Schema: public; Owner: adminadmin
--

CREATE TABLE public.django_migrations (
    id integer NOT NULL,
    app character varying(255) NOT NULL,
    name character varying(255) NOT NULL,
    applied timestamp with time zone NOT NULL
);


ALTER TABLE public.django_migrations OWNER TO adminadmin;

--
-- Name: django_migrations_id_seq; Type: SEQUENCE; Schema: public; Owner: adminadmin
--

CREATE SEQUENCE public.django_migrations_id_seq
    START WITH 1
    INCREMENT BY 1
    NO MINVALUE
    NO MAXVALUE
    CACHE 1;


ALTER TABLE public.django_migrations_id_seq OWNER TO adminadmin;

--
-- Name: django_migrations_id_seq; Type: SEQUENCE OWNED BY; Schema: public; Owner: adminadmin
--

ALTER SEQUENCE public.django_migrations_id_seq OWNED BY public.django_migrations.id;


--
-- Name: django_session; Type: TABLE; Schema: public; Owner: adminadmin
--

CREATE TABLE public.django_session (
    session_key character varying(40) NOT NULL,
    session_data text NOT NULL,
    expire_date timestamp with time zone NOT NULL
);


ALTER TABLE public.django_session OWNER TO adminadmin;

--
-- Name: ordersapp_order; Type: TABLE; Schema: public; Owner: adminadmin
--

CREATE TABLE public.ordersapp_order (
    id integer NOT NULL,
    name character varying(50) NOT NULL,
    familiya character varying(50) NOT NULL,
    otchestvo character varying(50) NOT NULL,
    phone character varying(18) NOT NULL,
    email character varying(254) NOT NULL,
    address character varying(250),
    comment text,
    created timestamp with time zone NOT NULL,
    updated timestamp with time zone NOT NULL,
    status character varying(20) NOT NULL,
    delivery character varying(20) NOT NULL,
    payment character varying(30) NOT NULL,
    paid boolean NOT NULL,
    id_order character varying(40) NOT NULL
);


ALTER TABLE public.ordersapp_order OWNER TO adminadmin;

--
-- Name: ordersapp_order_id_seq; Type: SEQUENCE; Schema: public; Owner: adminadmin
--

CREATE SEQUENCE public.ordersapp_order_id_seq
    START WITH 1
    INCREMENT BY 1
    NO MINVALUE
    NO MAXVALUE
    CACHE 1;


ALTER TABLE public.ordersapp_order_id_seq OWNER TO adminadmin;

--
-- Name: ordersapp_order_id_seq; Type: SEQUENCE OWNED BY; Schema: public; Owner: adminadmin
--

ALTER SEQUENCE public.ordersapp_order_id_seq OWNED BY public.ordersapp_order.id;


--
-- Name: ordersapp_orderitem; Type: TABLE; Schema: public; Owner: adminadmin
--

CREATE TABLE public.ordersapp_orderitem (
    id integer NOT NULL,
    price numeric(10,2) NOT NULL,
    quantity integer NOT NULL,
    order_id integer NOT NULL,
    product_id integer NOT NULL,
    CONSTRAINT ordersapp_orderitem_quantity_check CHECK ((quantity >= 0))
);


ALTER TABLE public.ordersapp_orderitem OWNER TO adminadmin;

--
-- Name: ordersapp_orderitem_id_seq; Type: SEQUENCE; Schema: public; Owner: adminadmin
--

CREATE SEQUENCE public.ordersapp_orderitem_id_seq
    START WITH 1
    INCREMENT BY 1
    NO MINVALUE
    NO MAXVALUE
    CACHE 1;


ALTER TABLE public.ordersapp_orderitem_id_seq OWNER TO adminadmin;

--
-- Name: ordersapp_orderitem_id_seq; Type: SEQUENCE OWNED BY; Schema: public; Owner: adminadmin
--

ALTER SEQUENCE public.ordersapp_orderitem_id_seq OWNED BY public.ordersapp_orderitem.id;


--
-- Name: productsapp_compositionscollection; Type: TABLE; Schema: public; Owner: adminadmin
--

CREATE TABLE public.productsapp_compositionscollection (
    id integer NOT NULL,
    name_id integer NOT NULL,
    collection_id integer NOT NULL
);


ALTER TABLE public.productsapp_compositionscollection OWNER TO adminadmin;

--
-- Name: productsapp_compositionscollection_id_seq; Type: SEQUENCE; Schema: public; Owner: adminadmin
--

CREATE SEQUENCE public.productsapp_compositionscollection_id_seq
    START WITH 1
    INCREMENT BY 1
    NO MINVALUE
    NO MAXVALUE
    CACHE 1;


ALTER TABLE public.productsapp_compositionscollection_id_seq OWNER TO adminadmin;

--
-- Name: productsapp_compositionscollection_id_seq; Type: SEQUENCE OWNED BY; Schema: public; Owner: adminadmin
--

ALTER SEQUENCE public.productsapp_compositionscollection_id_seq OWNED BY public.productsapp_compositionscollection.id;


--
-- Name: productsapp_product; Type: TABLE; Schema: public; Owner: adminadmin
--

CREATE TABLE public.productsapp_product (
    id integer NOT NULL,
    article character varying(10) NOT NULL,
    name character varying(100) NOT NULL,
    slug character varying(200) NOT NULL,
    image character varying(100) NOT NULL,
    description text NOT NULL,
    price numeric(10,2) NOT NULL,
    height numeric(10,2),
    width numeric(10,2),
    col_in_upac integer,
    area numeric(10,2),
    stock integer NOT NULL,
    available boolean NOT NULL,
    hits integer,
    category_id integer NOT NULL,
    collection_id integer NOT NULL,
    color_id integer NOT NULL,
    copmositions_id integer NOT NULL,
    surface_id integer NOT NULL,
    weight numeric(10,2),
    CONSTRAINT productsapp_product_col_in_upac_check CHECK ((col_in_upac >= 0)),
    CONSTRAINT productsapp_product_hits_check CHECK ((hits >= 0)),
    CONSTRAINT productsapp_product_stock_check CHECK ((stock >= 0))
);


ALTER TABLE public.productsapp_product OWNER TO adminadmin;

--
-- Name: productsapp_product_id_seq; Type: SEQUENCE; Schema: public; Owner: adminadmin
--

CREATE SEQUENCE public.productsapp_product_id_seq
    START WITH 1
    INCREMENT BY 1
    NO MINVALUE
    NO MAXVALUE
    CACHE 1;


ALTER TABLE public.productsapp_product_id_seq OWNER TO adminadmin;

--
-- Name: productsapp_product_id_seq; Type: SEQUENCE OWNED BY; Schema: public; Owner: adminadmin
--

ALTER SEQUENCE public.productsapp_product_id_seq OWNED BY public.productsapp_product.id;


--
-- Name: productsapp_productcategory; Type: TABLE; Schema: public; Owner: adminadmin
--

CREATE TABLE public.productsapp_productcategory (
    id integer NOT NULL,
    name character varying(100) NOT NULL,
    slug character varying(100) NOT NULL
);


ALTER TABLE public.productsapp_productcategory OWNER TO adminadmin;

--
-- Name: productsapp_productcategory_id_seq; Type: SEQUENCE; Schema: public; Owner: adminadmin
--

CREATE SEQUENCE public.productsapp_productcategory_id_seq
    START WITH 1
    INCREMENT BY 1
    NO MINVALUE
    NO MAXVALUE
    CACHE 1;


ALTER TABLE public.productsapp_productcategory_id_seq OWNER TO adminadmin;

--
-- Name: productsapp_productcategory_id_seq; Type: SEQUENCE OWNED BY; Schema: public; Owner: adminadmin
--

ALTER SEQUENCE public.productsapp_productcategory_id_seq OWNED BY public.productsapp_productcategory.id;


--
-- Name: productsapp_productcolor; Type: TABLE; Schema: public; Owner: adminadmin
--

CREATE TABLE public.productsapp_productcolor (
    id integer NOT NULL,
    name character varying(100) NOT NULL,
    slug character varying(100) NOT NULL
);


ALTER TABLE public.productsapp_productcolor OWNER TO adminadmin;

--
-- Name: productsapp_productcolor_id_seq; Type: SEQUENCE; Schema: public; Owner: adminadmin
--

CREATE SEQUENCE public.productsapp_productcolor_id_seq
    START WITH 1
    INCREMENT BY 1
    NO MINVALUE
    NO MAXVALUE
    CACHE 1;


ALTER TABLE public.productsapp_productcolor_id_seq OWNER TO adminadmin;

--
-- Name: productsapp_productcolor_id_seq; Type: SEQUENCE OWNED BY; Schema: public; Owner: adminadmin
--

ALTER SEQUENCE public.productsapp_productcolor_id_seq OWNED BY public.productsapp_productcolor.id;


--
-- Name: productsapp_productcountry; Type: TABLE; Schema: public; Owner: adminadmin
--

CREATE TABLE public.productsapp_productcountry (
    id integer NOT NULL,
    name character varying(100) NOT NULL,
    slug character varying(100) NOT NULL
);


ALTER TABLE public.productsapp_productcountry OWNER TO adminadmin;

--
-- Name: productsapp_productcountry_id_seq; Type: SEQUENCE; Schema: public; Owner: adminadmin
--

CREATE SEQUENCE public.productsapp_productcountry_id_seq
    START WITH 1
    INCREMENT BY 1
    NO MINVALUE
    NO MAXVALUE
    CACHE 1;


ALTER TABLE public.productsapp_productcountry_id_seq OWNER TO adminadmin;

--
-- Name: productsapp_productcountry_id_seq; Type: SEQUENCE OWNED BY; Schema: public; Owner: adminadmin
--

ALTER SEQUENCE public.productsapp_productcountry_id_seq OWNED BY public.productsapp_productcountry.id;


--
-- Name: productsapp_productproizvoditel; Type: TABLE; Schema: public; Owner: adminadmin
--

CREATE TABLE public.productsapp_productproizvoditel (
    id integer NOT NULL,
    name character varying(100) NOT NULL,
    slug character varying(100) NOT NULL,
    productcountry_id integer NOT NULL,
    description text NOT NULL,
    image character varying(100) NOT NULL
);


ALTER TABLE public.productsapp_productproizvoditel OWNER TO adminadmin;

--
-- Name: productsapp_productproizvoditel_id_seq; Type: SEQUENCE; Schema: public; Owner: adminadmin
--

CREATE SEQUENCE public.productsapp_productproizvoditel_id_seq
    START WITH 1
    INCREMENT BY 1
    NO MINVALUE
    NO MAXVALUE
    CACHE 1;


ALTER TABLE public.productsapp_productproizvoditel_id_seq OWNER TO adminadmin;

--
-- Name: productsapp_productproizvoditel_id_seq; Type: SEQUENCE OWNED BY; Schema: public; Owner: adminadmin
--

ALTER SEQUENCE public.productsapp_productproizvoditel_id_seq OWNED BY public.productsapp_productproizvoditel.id;


--
-- Name: productsapp_producttype; Type: TABLE; Schema: public; Owner: adminadmin
--

CREATE TABLE public.productsapp_producttype (
    id integer NOT NULL,
    name character varying(100) NOT NULL,
    slug character varying(100) NOT NULL
);


ALTER TABLE public.productsapp_producttype OWNER TO adminadmin;

--
-- Name: productsapp_producttype_id_seq; Type: SEQUENCE; Schema: public; Owner: adminadmin
--

CREATE SEQUENCE public.productsapp_producttype_id_seq
    START WITH 1
    INCREMENT BY 1
    NO MINVALUE
    NO MAXVALUE
    CACHE 1;


ALTER TABLE public.productsapp_producttype_id_seq OWNER TO adminadmin;

--
-- Name: productsapp_producttype_id_seq; Type: SEQUENCE OWNED BY; Schema: public; Owner: adminadmin
--

ALTER SEQUENCE public.productsapp_producttype_id_seq OWNED BY public.productsapp_producttype.id;


--
-- Name: productsapp_producttypesurface; Type: TABLE; Schema: public; Owner: adminadmin
--

CREATE TABLE public.productsapp_producttypesurface (
    id integer NOT NULL,
    name character varying(100) NOT NULL,
    slug character varying(100) NOT NULL
);


ALTER TABLE public.productsapp_producttypesurface OWNER TO adminadmin;

--
-- Name: productsapp_producttypesurface_id_seq; Type: SEQUENCE; Schema: public; Owner: adminadmin
--

CREATE SEQUENCE public.productsapp_producttypesurface_id_seq
    START WITH 1
    INCREMENT BY 1
    NO MINVALUE
    NO MAXVALUE
    CACHE 1;


ALTER TABLE public.productsapp_producttypesurface_id_seq OWNER TO adminadmin;

--
-- Name: productsapp_producttypesurface_id_seq; Type: SEQUENCE OWNED BY; Schema: public; Owner: adminadmin
--

ALTER SEQUENCE public.productsapp_producttypesurface_id_seq OWNED BY public.productsapp_producttypesurface.id;


--
-- Name: productsapp_productсollection; Type: TABLE; Schema: public; Owner: adminadmin
--

CREATE TABLE public."productsapp_productсollection" (
    id integer NOT NULL,
    name character varying(100) NOT NULL,
    slug character varying(100) NOT NULL,
    image character varying(100) NOT NULL,
    description text NOT NULL,
    available boolean NOT NULL,
    productcategory_id integer NOT NULL,
    productproizvoditel_id integer NOT NULL,
    novinka boolean NOT NULL,
    sale boolean NOT NULL
);


ALTER TABLE public."productsapp_productсollection" OWNER TO adminadmin;

--
-- Name: productsapp_productсollection_id_seq; Type: SEQUENCE; Schema: public; Owner: adminadmin
--

CREATE SEQUENCE public."productsapp_productсollection_id_seq"
    START WITH 1
    INCREMENT BY 1
    NO MINVALUE
    NO MAXVALUE
    CACHE 1;


ALTER TABLE public."productsapp_productсollection_id_seq" OWNER TO adminadmin;

--
-- Name: productsapp_productсollection_id_seq; Type: SEQUENCE OWNED BY; Schema: public; Owner: adminadmin
--

ALTER SEQUENCE public."productsapp_productсollection_id_seq" OWNED BY public."productsapp_productсollection".id;


--
-- Name: id; Type: DEFAULT; Schema: public; Owner: adminadmin
--

ALTER TABLE ONLY public.auth_group ALTER COLUMN id SET DEFAULT nextval('public.auth_group_id_seq'::regclass);


--
-- Name: id; Type: DEFAULT; Schema: public; Owner: adminadmin
--

ALTER TABLE ONLY public.auth_group_permissions ALTER COLUMN id SET DEFAULT nextval('public.auth_group_permissions_id_seq'::regclass);


--
-- Name: id; Type: DEFAULT; Schema: public; Owner: adminadmin
--

ALTER TABLE ONLY public.auth_permission ALTER COLUMN id SET DEFAULT nextval('public.auth_permission_id_seq'::regclass);


--
-- Name: id; Type: DEFAULT; Schema: public; Owner: adminadmin
--

ALTER TABLE ONLY public.auth_user ALTER COLUMN id SET DEFAULT nextval('public.auth_user_id_seq'::regclass);


--
-- Name: id; Type: DEFAULT; Schema: public; Owner: adminadmin
--

ALTER TABLE ONLY public.auth_user_groups ALTER COLUMN id SET DEFAULT nextval('public.auth_user_groups_id_seq'::regclass);


--
-- Name: id; Type: DEFAULT; Schema: public; Owner: adminadmin
--

ALTER TABLE ONLY public.auth_user_user_permissions ALTER COLUMN id SET DEFAULT nextval('public.auth_user_user_permissions_id_seq'::regclass);


--
-- Name: id; Type: DEFAULT; Schema: public; Owner: adminadmin
--

ALTER TABLE ONLY public.django_admin_log ALTER COLUMN id SET DEFAULT nextval('public.django_admin_log_id_seq'::regclass);


--
-- Name: id; Type: DEFAULT; Schema: public; Owner: adminadmin
--

ALTER TABLE ONLY public.django_content_type ALTER COLUMN id SET DEFAULT nextval('public.django_content_type_id_seq'::regclass);


--
-- Name: id; Type: DEFAULT; Schema: public; Owner: adminadmin
--

ALTER TABLE ONLY public.django_migrations ALTER COLUMN id SET DEFAULT nextval('public.django_migrations_id_seq'::regclass);


--
-- Name: id; Type: DEFAULT; Schema: public; Owner: adminadmin
--

ALTER TABLE ONLY public.ordersapp_order ALTER COLUMN id SET DEFAULT nextval('public.ordersapp_order_id_seq'::regclass);


--
-- Name: id; Type: DEFAULT; Schema: public; Owner: adminadmin
--

ALTER TABLE ONLY public.ordersapp_orderitem ALTER COLUMN id SET DEFAULT nextval('public.ordersapp_orderitem_id_seq'::regclass);


--
-- Name: id; Type: DEFAULT; Schema: public; Owner: adminadmin
--

ALTER TABLE ONLY public.productsapp_compositionscollection ALTER COLUMN id SET DEFAULT nextval('public.productsapp_compositionscollection_id_seq'::regclass);


--
-- Name: id; Type: DEFAULT; Schema: public; Owner: adminadmin
--

ALTER TABLE ONLY public.productsapp_product ALTER COLUMN id SET DEFAULT nextval('public.productsapp_product_id_seq'::regclass);


--
-- Name: id; Type: DEFAULT; Schema: public; Owner: adminadmin
--

ALTER TABLE ONLY public.productsapp_productcategory ALTER COLUMN id SET DEFAULT nextval('public.productsapp_productcategory_id_seq'::regclass);


--
-- Name: id; Type: DEFAULT; Schema: public; Owner: adminadmin
--

ALTER TABLE ONLY public.productsapp_productcolor ALTER COLUMN id SET DEFAULT nextval('public.productsapp_productcolor_id_seq'::regclass);


--
-- Name: id; Type: DEFAULT; Schema: public; Owner: adminadmin
--

ALTER TABLE ONLY public.productsapp_productcountry ALTER COLUMN id SET DEFAULT nextval('public.productsapp_productcountry_id_seq'::regclass);


--
-- Name: id; Type: DEFAULT; Schema: public; Owner: adminadmin
--

ALTER TABLE ONLY public.productsapp_productproizvoditel ALTER COLUMN id SET DEFAULT nextval('public.productsapp_productproizvoditel_id_seq'::regclass);


--
-- Name: id; Type: DEFAULT; Schema: public; Owner: adminadmin
--

ALTER TABLE ONLY public.productsapp_producttype ALTER COLUMN id SET DEFAULT nextval('public.productsapp_producttype_id_seq'::regclass);


--
-- Name: id; Type: DEFAULT; Schema: public; Owner: adminadmin
--

ALTER TABLE ONLY public.productsapp_producttypesurface ALTER COLUMN id SET DEFAULT nextval('public.productsapp_producttypesurface_id_seq'::regclass);


--
-- Name: id; Type: DEFAULT; Schema: public; Owner: adminadmin
--

ALTER TABLE ONLY public."productsapp_productсollection" ALTER COLUMN id SET DEFAULT nextval('public."productsapp_productсollection_id_seq"'::regclass);


--
-- Data for Name: auth_group; Type: TABLE DATA; Schema: public; Owner: adminadmin
--

COPY public.auth_group (id, name) FROM stdin;
\.


--
-- Name: auth_group_id_seq; Type: SEQUENCE SET; Schema: public; Owner: adminadmin
--

SELECT pg_catalog.setval('public.auth_group_id_seq', 1, false);


--
-- Data for Name: auth_group_permissions; Type: TABLE DATA; Schema: public; Owner: adminadmin
--

COPY public.auth_group_permissions (id, group_id, permission_id) FROM stdin;
\.


--
-- Name: auth_group_permissions_id_seq; Type: SEQUENCE SET; Schema: public; Owner: adminadmin
--

SELECT pg_catalog.setval('public.auth_group_permissions_id_seq', 1, false);


--
-- Data for Name: auth_permission; Type: TABLE DATA; Schema: public; Owner: adminadmin
--

COPY public.auth_permission (id, name, content_type_id, codename) FROM stdin;
1	Can add log entry	1	add_logentry
2	Can change log entry	1	change_logentry
3	Can delete log entry	1	delete_logentry
4	Can view log entry	1	view_logentry
5	Can add permission	2	add_permission
6	Can change permission	2	change_permission
7	Can delete permission	2	delete_permission
8	Can view permission	2	view_permission
9	Can add group	3	add_group
10	Can change group	3	change_group
11	Can delete group	3	delete_group
12	Can view group	3	view_group
13	Can add user	4	add_user
14	Can change user	4	change_user
15	Can delete user	4	delete_user
16	Can view user	4	view_user
17	Can add content type	5	add_contenttype
18	Can change content type	5	change_contenttype
19	Can delete content type	5	delete_contenttype
20	Can view content type	5	view_contenttype
21	Can add session	6	add_session
22	Can change session	6	change_session
23	Can delete session	6	delete_session
24	Can view session	6	view_session
25	Can add Состав коллекции	7	add_compositionscollection
26	Can change Состав коллекции	7	change_compositionscollection
27	Can delete Состав коллекции	7	delete_compositionscollection
28	Can view Состав коллекции	7	view_compositionscollection
29	Can add Товар	8	add_product
30	Can change Товар	8	change_product
31	Can delete Товар	8	delete_product
32	Can view Товар	8	view_product
33	Can add Страна	9	add_productcountry
34	Can change Страна	9	change_productcountry
35	Can delete Страна	9	delete_productcountry
36	Can view Страна	9	view_productcountry
37	Can add Цвет	10	add_productcolor
38	Can change Цвет	10	change_productcolor
39	Can delete Цвет	10	delete_productcolor
40	Can view Цвет	10	view_productcolor
41	Can add Тип плитки	11	add_producttype
42	Can change Тип плитки	11	change_producttype
43	Can delete Тип плитки	11	delete_producttype
44	Can view Тип плитки	11	view_producttype
45	Can add Производитель	12	add_productproizvoditel
46	Can change Производитель	12	change_productproizvoditel
47	Can delete Производитель	12	delete_productproizvoditel
48	Can view Производитель	12	view_productproizvoditel
49	Can add Коллекции	13	add_productсollection
50	Can change Коллекции	13	change_productсollection
51	Can delete Коллекции	13	delete_productсollection
52	Can view Коллекции	13	view_productсollection
53	Can add Тип поверхности	14	add_producttypesurface
54	Can change Тип поверхности	14	change_producttypesurface
55	Can delete Тип поверхности	14	delete_producttypesurface
56	Can view Тип поверхности	14	view_producttypesurface
57	Can add Категория	15	add_productcategory
58	Can change Категория	15	change_productcategory
59	Can delete Категория	15	delete_productcategory
60	Can view Категория	15	view_productcategory
61	Can add Заказ	16	add_order
62	Can change Заказ	16	change_order
63	Can delete Заказ	16	delete_order
64	Can view Заказ	16	view_order
65	Can add order item	17	add_orderitem
66	Can change order item	17	change_orderitem
67	Can delete order item	17	delete_orderitem
68	Can view order item	17	view_orderitem
\.


--
-- Name: auth_permission_id_seq; Type: SEQUENCE SET; Schema: public; Owner: adminadmin
--

SELECT pg_catalog.setval('public.auth_permission_id_seq', 68, true);


--
-- Data for Name: auth_user; Type: TABLE DATA; Schema: public; Owner: adminadmin
--

COPY public.auth_user (id, password, last_login, is_superuser, username, first_name, last_name, email, is_staff, is_active, date_joined) FROM stdin;
1	pbkdf2_sha256$120000$qXA8Km2ZN869$sqFqCi2ho01I8JQOh/G4SYJ+GuOIB+0aOdHPmF8JWOk=	2019-03-08 12:35:50.577945+03	t	adminadmin				t	t	2019-02-26 18:32:48.458029+03
\.


--
-- Data for Name: auth_user_groups; Type: TABLE DATA; Schema: public; Owner: adminadmin
--

COPY public.auth_user_groups (id, user_id, group_id) FROM stdin;
\.


--
-- Name: auth_user_groups_id_seq; Type: SEQUENCE SET; Schema: public; Owner: adminadmin
--

SELECT pg_catalog.setval('public.auth_user_groups_id_seq', 1, false);


--
-- Name: auth_user_id_seq; Type: SEQUENCE SET; Schema: public; Owner: adminadmin
--

SELECT pg_catalog.setval('public.auth_user_id_seq', 1, true);


--
-- Data for Name: auth_user_user_permissions; Type: TABLE DATA; Schema: public; Owner: adminadmin
--

COPY public.auth_user_user_permissions (id, user_id, permission_id) FROM stdin;
\.


--
-- Name: auth_user_user_permissions_id_seq; Type: SEQUENCE SET; Schema: public; Owner: adminadmin
--

SELECT pg_catalog.setval('public.auth_user_user_permissions_id_seq', 1, false);


--
-- Data for Name: django_admin_log; Type: TABLE DATA; Schema: public; Owner: adminadmin
--

COPY public.django_admin_log (id, action_time, object_id, object_repr, action_flag, change_message, content_type_id, user_id) FROM stdin;
1	2019-02-26 18:36:23.298836+03	1	Керамическая плитка	1	[{"added": {}}]	15	1
2	2019-02-26 18:36:37.559053+03	1	Испания	1	[{"added": {}}]	9	1
3	2019-02-26 18:36:38.684409+03	1	Mapisa	1	[{"added": {}}]	12	1
4	2019-02-26 18:37:30.363246+03	1	Коллекция Lisa Mapisa	1	[{"added": {}}, {"added": {"object": "\\u041d\\u0430\\u0441\\u0442\\u0435\\u043d\\u043d\\u0430\\u044f \\u043f\\u043b\\u0438\\u0442\\u043a\\u0430", "name": "\\u0421\\u043e\\u0441\\u0442\\u0430\\u0432 \\u043a\\u043e\\u043b\\u043b\\u0435\\u043a\\u0446\\u0438\\u0438"}}, {"added": {"object": "\\u041d\\u0430\\u043f\\u043e\\u043b\\u044c\\u043d\\u0430\\u044f \\u043f\\u043b\\u0438\\u0442\\u043a\\u0430", "name": "\\u0421\\u043e\\u0441\\u0442\\u0430\\u0432 \\u043a\\u043e\\u043b\\u043b\\u0435\\u043a\\u0446\\u0438\\u0438"}}, {"added": {"object": "\\u0411\\u043e\\u0440\\u0434\\u044e\\u0440", "name": "\\u0421\\u043e\\u0441\\u0442\\u0430\\u0432 \\u043a\\u043e\\u043b\\u043b\\u0435\\u043a\\u0446\\u0438\\u0438"}}, {"added": {"object": "\\u0412\\u0441\\u0442\\u0430\\u0432\\u043a\\u0430", "name": "\\u0421\\u043e\\u0441\\u0442\\u0430\\u0432 \\u043a\\u043e\\u043b\\u043b\\u0435\\u043a\\u0446\\u0438\\u0438"}}]	13	1
5	2019-02-26 18:39:57.066753+03	1	Матовая	1	[{"added": {}}]	14	1
6	2019-02-26 18:40:17.296762+03	1	Белый	1	[{"added": {}}]	10	1
7	2019-02-26 18:42:32.816982+03	1	Настенная плитка	1	[{"added": {}}]	11	1
8	2019-02-26 18:42:35.473477+03	1	Lisa Décor White 25,3х70,6	1	[{"added": {}}]	8	1
9	2019-02-26 18:44:05.749758+03	2	Коричневый	1	[{"added": {}}]	10	1
10	2019-02-26 18:44:38.425654+03	2	Lisa Décor Aubergine 25,3х70,6	1	[{"added": {}}]	8	1
11	2019-02-26 18:48:13.000295+03	2	Напольная плитка	1	[{"added": {}}]	11	1
12	2019-02-26 18:48:35.38872+03	3	Lisa Duo Aubergine 40х40	1	[{"added": {}}]	8	1
13	2019-02-26 18:50:51.30671+03	4	Lisa Duo White 40х40	1	[{"added": {}}]	8	1
14	2019-02-26 18:51:08.91067+03	4	Lisa Duo White 40х40	2	[{"changed": {"fields": ["image"]}}]	8	1
15	2019-02-26 18:52:34.209495+03	3	Бордюр	1	[{"added": {}}]	11	1
16	2019-02-26 18:53:47.089846+03	5	Lisa Zocalo Lisa Aubergine 15х25.3	1	[{"added": {}}]	8	1
17	2019-02-26 18:55:33.45937+03	6	Lisa Cenefa Lisa Aubergine Mix (2 вида) 7x25,3	1	[{"added": {}}]	8	1
18	2019-02-26 18:56:56.980211+03	4	Вставка	1	[{"added": {}}]	11	1
19	2019-02-26 18:57:40.533005+03	7	Lisa Taco Lisa Aubergine 8,5 х 17	1	[{"added": {}}]	8	1
20	2019-02-26 18:59:12.196004+03	8	Lisa Taco Lisa White 8,5 х 17	1	[{"added": {}}]	8	1
21	2019-02-27 14:48:36.981454+03	2	Декоративный камень	1	[{"added": {}}]	15	1
22	2019-02-27 14:49:34.228933+03	2	Россия	1	[{"added": {}}]	9	1
23	2019-02-27 14:49:35.667175+03	2	Ecostone	1	[{"added": {}}]	12	1
24	2019-02-27 14:49:59.790716+03	2	Canyon (натуральный камень)	1	[{"added": {}}, {"added": {"name": "\\u0421\\u043e\\u0441\\u0442\\u0430\\u0432 \\u043a\\u043e\\u043b\\u043b\\u0435\\u043a\\u0446\\u0438\\u0438", "object": "\\u041d\\u0430\\u0441\\u0442\\u0435\\u043d\\u043d\\u0430\\u044f \\u043f\\u043b\\u0438\\u0442\\u043a\\u0430"}}]	13	1
25	2019-02-27 14:51:28.651164+03	2	Натуральная	1	[{"added": {}}]	14	1
26	2019-02-27 14:52:14.536617+03	9	Декоративный камень Canyon 24P	1	[{"added": {}}]	8	1
27	2019-03-02 13:06:39.715055+03	2	Canyon (натуральный камень)	2	[{"changed": {"fields": ["image"]}}]	13	1
28	2019-03-02 13:07:49.518132+03	2	Canyon (натуральный камень)	2	[{"changed": {"fields": ["image"]}}]	13	1
29	2019-03-02 13:08:41.092677+03	2	Canyon (натуральный камень)	3		13	1
30	2019-03-02 13:09:51.392976+03	3	Canyon (натуральный камень)	1	[{"added": {}}, {"added": {"name": "\\u0421\\u043e\\u0441\\u0442\\u0430\\u0432 \\u043a\\u043e\\u043b\\u043b\\u0435\\u043a\\u0446\\u0438\\u0438", "object": "\\u041d\\u0430\\u0441\\u0442\\u0435\\u043d\\u043d\\u0430\\u044f \\u043f\\u043b\\u0438\\u0442\\u043a\\u0430"}}, {"added": {"name": "\\u0421\\u043e\\u0441\\u0442\\u0430\\u0432 \\u043a\\u043e\\u043b\\u043b\\u0435\\u043a\\u0446\\u0438\\u0438", "object": "\\u0411\\u043e\\u0440\\u0434\\u044e\\u0440"}}]	13	1
31	2019-03-07 13:24:25.109291+03	15	Заказ: 15	3		16	1
32	2019-03-07 13:24:25.123714+03	14	Заказ: 14	3		16	1
33	2019-03-07 13:24:25.129346+03	13	Заказ: 13	3		16	1
34	2019-03-07 13:24:25.13506+03	12	Заказ: 12	3		16	1
35	2019-03-07 13:24:25.141233+03	11	Заказ: 11	3		16	1
36	2019-03-07 13:24:25.148407+03	10	Заказ: 10	3		16	1
37	2019-03-07 13:24:25.154953+03	9	Заказ: 9	3		16	1
38	2019-03-07 13:24:25.160744+03	8	Заказ: 8	3		16	1
39	2019-03-07 13:24:25.166527+03	7	Заказ: 7	3		16	1
40	2019-03-07 13:24:25.172047+03	6	Заказ: 6	3		16	1
41	2019-03-07 13:24:25.177665+03	5	Заказ: 5	3		16	1
42	2019-03-07 13:24:25.183537+03	4	Заказ: 4	3		16	1
43	2019-03-07 13:24:25.188979+03	3	Заказ: 3	3		16	1
44	2019-03-07 13:24:25.194718+03	1	Заказ: 1	3		16	1
45	2019-03-07 13:26:40.693133+03	16	Заказ: 16	3		16	1
46	2019-03-07 13:40:45.437012+03	17	Заказ: 17	3		16	1
47	2019-03-08 12:37:37.481148+03	3	Argenta	1	[{"added": {}}]	12	1
48	2019-03-08 12:38:09.760278+03	5	Керамограни	1	[{"added": {}}]	11	1
49	2019-03-08 12:38:25.498323+03	4	Коллекция Frame Argenta	1	[{"added": {}}, {"added": {"name": "\\u0421\\u043e\\u0441\\u0442\\u0430\\u0432 \\u043a\\u043e\\u043b\\u043b\\u0435\\u043a\\u0446\\u0438\\u0438", "object": "\\u041d\\u0430\\u0441\\u0442\\u0435\\u043d\\u043d\\u0430\\u044f \\u043f\\u043b\\u0438\\u0442\\u043a\\u0430"}}, {"added": {"name": "\\u0421\\u043e\\u0441\\u0442\\u0430\\u0432 \\u043a\\u043e\\u043b\\u043b\\u0435\\u043a\\u0446\\u0438\\u0438", "object": "\\u041a\\u0435\\u0440\\u0430\\u043c\\u043e\\u0433\\u0440\\u0430\\u043d\\u0438"}}]	13	1
50	2019-03-08 12:42:29.690841+03	3	Бежевый	1	[{"added": {}}]	10	1
51	2019-03-08 12:43:37.417258+03	10	Frame Decor Taupe 25х50	1	[{"added": {}}]	8	1
52	2019-03-08 12:44:43.35005+03	10	Frame Decor Taupe 25х50	2	[{"changed": {"fields": ["height", "width"]}}]	8	1
53	2019-03-08 12:47:23.014502+03	11	Frame Decor Sand 25х50	1	[{"added": {}}]	8	1
54	2019-03-08 12:49:16.312615+03	4	Серый	1	[{"added": {}}]	10	1
55	2019-03-08 12:49:59.383047+03	12	Frame Decor Grey 25х50	1	[{"added": {}}]	8	1
56	2019-03-08 12:53:50.004628+03	13	Frame Decor White 25х50	1	[{"added": {}}]	8	1
57	2019-03-08 12:53:57.756249+03	13	Frame Decor White 25х50	2	[{"changed": {"fields": ["image"]}}]	8	1
58	2019-03-08 12:55:53.762037+03	14	Frame White 25х50	1	[{"added": {}}]	8	1
59	2019-03-08 12:57:51.78315+03	15	Frame Sand 25х50	1	[{"added": {}}]	8	1
60	2019-03-08 12:58:10.589649+03	15	Frame Sand 25х50	2	[{"changed": {"fields": ["color"]}}]	8	1
61	2019-03-08 13:00:08.957234+03	16	Frame White 45х45	1	[{"added": {}}]	8	1
62	2019-03-08 13:00:18.024497+03	16	Frame White 45х45	2	[{"changed": {"fields": ["image"]}}]	8	1
63	2019-03-08 13:02:44.594747+03	17	Frame Sand 45х45	1	[{"added": {}}]	8	1
64	2019-03-08 13:02:52.52747+03	17	Frame Sand 45х45	2	[{"changed": {"fields": ["image"]}}]	8	1
65	2019-03-08 13:03:36.951419+03	17	Frame Sand 45х45	2	[{"changed": {"fields": ["image"]}}]	8	1
66	2019-03-08 13:04:01.966694+03	17	Frame Sand 45х45	2	[]	8	1
67	2019-03-08 13:05:48.031697+03	18	Frame Grey 45х45	1	[{"added": {}}]	8	1
68	2019-03-08 13:17:19.819341+03	4	Коллекция Frame Argenta	2	[{"changed": {"fields": ["name"], "name": "\\u0421\\u043e\\u0441\\u0442\\u0430\\u0432 \\u043a\\u043e\\u043b\\u043b\\u0435\\u043a\\u0446\\u0438\\u0438", "object": "\\u041d\\u0430\\u043f\\u043e\\u043b\\u044c\\u043d\\u0430\\u044f \\u043f\\u043b\\u0438\\u0442\\u043a\\u0430"}}]	13	1
69	2019-03-08 13:17:32.206502+03	18	Frame Grey 45х45	2	[]	8	1
70	2019-03-08 13:17:56.166912+03	17	Frame Sand 45х45	2	[]	8	1
71	2019-03-08 13:18:05.17016+03	16	Frame White 45х45	2	[]	8	1
72	2019-03-08 13:32:08.950364+03	4	Коллекция Frame Argenta	2	[{"changed": {"name": "\\u0421\\u043e\\u0441\\u0442\\u0430\\u0432 \\u043a\\u043e\\u043b\\u043b\\u0435\\u043a\\u0446\\u0438\\u0438", "object": "\\u041a\\u0435\\u0440\\u0430\\u043c\\u043e\\u0433\\u0440\\u0430\\u043d\\u0438", "fields": ["name"]}}]	13	1
73	2019-03-08 13:32:30.043402+03	4	Коллекция Frame Argenta	2	[{"changed": {"name": "\\u0421\\u043e\\u0441\\u0442\\u0430\\u0432 \\u043a\\u043e\\u043b\\u043b\\u0435\\u043a\\u0446\\u0438\\u0438", "object": "\\u041d\\u0430\\u043f\\u043e\\u043b\\u044c\\u043d\\u0430\\u044f \\u043f\\u043b\\u0438\\u0442\\u043a\\u0430", "fields": ["name"]}}]	13	1
\.


--
-- Name: django_admin_log_id_seq; Type: SEQUENCE SET; Schema: public; Owner: adminadmin
--

SELECT pg_catalog.setval('public.django_admin_log_id_seq', 73, true);


--
-- Data for Name: django_content_type; Type: TABLE DATA; Schema: public; Owner: adminadmin
--

COPY public.django_content_type (id, app_label, model) FROM stdin;
1	admin	logentry
2	auth	permission
3	auth	group
4	auth	user
5	contenttypes	contenttype
6	sessions	session
7	productsapp	compositionscollection
8	productsapp	product
9	productsapp	productcountry
10	productsapp	productcolor
11	productsapp	producttype
12	productsapp	productproizvoditel
13	productsapp	productсollection
14	productsapp	producttypesurface
15	productsapp	productcategory
16	ordersapp	order
17	ordersapp	orderitem
\.


--
-- Name: django_content_type_id_seq; Type: SEQUENCE SET; Schema: public; Owner: adminadmin
--

SELECT pg_catalog.setval('public.django_content_type_id_seq', 17, true);


--
-- Data for Name: django_migrations; Type: TABLE DATA; Schema: public; Owner: adminadmin
--

COPY public.django_migrations (id, app, name, applied) FROM stdin;
1	contenttypes	0001_initial	2019-02-26 18:30:26.078353+03
2	auth	0001_initial	2019-02-26 18:30:26.43267+03
3	admin	0001_initial	2019-02-26 18:30:26.536931+03
4	admin	0002_logentry_remove_auto_add	2019-02-26 18:30:26.561627+03
5	admin	0003_logentry_add_action_flag_choices	2019-02-26 18:30:26.586861+03
6	contenttypes	0002_remove_content_type_name	2019-02-26 18:30:26.642385+03
7	auth	0002_alter_permission_name_max_length	2019-02-26 18:30:26.667965+03
8	auth	0003_alter_user_email_max_length	2019-02-26 18:30:26.695191+03
9	auth	0004_alter_user_username_opts	2019-02-26 18:30:26.718364+03
10	auth	0005_alter_user_last_login_null	2019-02-26 18:30:26.76539+03
11	auth	0006_require_contenttypes_0002	2019-02-26 18:30:26.773031+03
12	auth	0007_alter_validators_add_error_messages	2019-02-26 18:30:26.796217+03
13	auth	0008_alter_user_username_max_length	2019-02-26 18:30:26.833638+03
14	auth	0009_alter_user_last_name_max_length	2019-02-26 18:30:26.86077+03
15	cartapp	0001_initial	2019-02-26 18:30:26.957232+03
16	cartapp	0002_delete_productcategory	2019-02-26 18:30:26.983825+03
17	productsapp	0001_initial	2019-02-26 18:30:28.020528+03
18	ordersapp	0001_initial	2019-02-26 18:30:28.143081+03
19	sessions	0001_initial	2019-02-26 18:30:28.212437+03
20	productsapp	0002_auto_20190227_1130	2019-02-27 14:41:43.052186+03
21	productsapp	0003_auto_20190301_1954	2019-03-01 22:54:31.984854+03
22	productsapp	0004_auto_20190302_1004	2019-03-02 13:04:42.43406+03
23	ordersapp	0002_order_id_order	2019-03-07 12:48:11.804368+03
24	productsapp	0005_auto_20190307_1231	2019-03-07 15:32:05.874935+03
\.


--
-- Name: django_migrations_id_seq; Type: SEQUENCE SET; Schema: public; Owner: adminadmin
--

SELECT pg_catalog.setval('public.django_migrations_id_seq', 24, true);


--
-- Data for Name: django_session; Type: TABLE DATA; Schema: public; Owner: adminadmin
--

COPY public.django_session (session_key, session_data, expire_date) FROM stdin;
kyzs3c27dpszuxdw8ljsg6c7efa1nut7	ZjUzMzNhNzM2NWI3MTI2Y2M2ZDlmMmU1NDMzZWI5YjRjZTRiNTcyZjqABJUNAAAAAAAAAH2UjARjYXJ0lH2Ucy4=	2019-03-15 23:27:23.077829+03
qom1ced1d8drl1phuu9v2e8tgl3lfh40	ZjUzMzNhNzM2NWI3MTI2Y2M2ZDlmMmU1NDMzZWI5YjRjZTRiNTcyZjqABJUNAAAAAAAAAH2UjARjYXJ0lH2Ucy4=	2019-03-12 20:14:15.130803+03
8nsjjekcth9o3n13m3kcq4bmn9hdz1ts	ZjUzMzNhNzM2NWI3MTI2Y2M2ZDlmMmU1NDMzZWI5YjRjZTRiNTcyZjqABJUNAAAAAAAAAH2UjARjYXJ0lH2Ucy4=	2019-03-12 20:24:45.433255+03
j4gm5xacnpyhkn11la2fcmps8y3fgmzu	ZjUzMzNhNzM2NWI3MTI2Y2M2ZDlmMmU1NDMzZWI5YjRjZTRiNTcyZjqABJUNAAAAAAAAAH2UjARjYXJ0lH2Ucy4=	2019-03-12 21:00:12.880655+03
su51us6iuhulo93cmlyf30gytpjyxwbt	ZjUzMzNhNzM2NWI3MTI2Y2M2ZDlmMmU1NDMzZWI5YjRjZTRiNTcyZjqABJUNAAAAAAAAAH2UjARjYXJ0lH2Ucy4=	2019-03-12 18:43:26.520272+03
j077n9pteangh57cgx3cm6m620b4vhjm	ZjUzMzNhNzM2NWI3MTI2Y2M2ZDlmMmU1NDMzZWI5YjRjZTRiNTcyZjqABJUNAAAAAAAAAH2UjARjYXJ0lH2Ucy4=	2019-03-12 21:12:06.243869+03
85pnmdnwtrsyi39a6ufmdiq5qso5vf43	ZjUzMzNhNzM2NWI3MTI2Y2M2ZDlmMmU1NDMzZWI5YjRjZTRiNTcyZjqABJUNAAAAAAAAAH2UjARjYXJ0lH2Ucy4=	2019-03-12 21:13:28.946722+03
nqnvfk2pzpl4odr3wb800nhg3l26k2fo	NmU0Yzg2OGU3YmM2ZjFkMWI1NWMyMDZkZTg4MjM2NTQyMzY3YTcyMDqABJXFAwAAAAAAAH2UjARjYXJ0lH2UjAE1lH2UKIwFcHJpY2WUjAdkZWNpbWFslIwHRGVjaW1hbJSTlIwGMTE0LjAwlIWUUpSMC3RvdGFsX3ByaWNllGgIjAYxMTQuMDCUhZRSlIwHcHJvZHVjdJSMFWRqYW5nby5kYi5tb2RlbHMuYmFzZZSMDm1vZGVsX3VucGlja2xllJOUjAtwcm9kdWN0c2FwcJSMB1Byb2R1Y3SUhpSFlFKUfZQojAVzdG9ja5RLAYwIY29sb3JfaWSUSwKMBl9zdGF0ZZRoEYwKTW9kZWxTdGF0ZZSTlCmBlH2UKIwGYWRkaW5nlImMAmRilIwHZGVmYXVsdJSMDGZpZWxkc19jYWNoZZR9lIwIY2F0ZWdvcnmUaBNoFIwPUHJvZHVjdENhdGVnb3J5lIaUhZRSlH2UKIwPX2RqYW5nb192ZXJzaW9ulIwFMi4xLjWUaBxoHimBlH2UKGghiWgiaCN1YowEbmFtZZSMJdCa0LXRgNCw0LzQuNGH0LXRgdC60LDRjyDQv9C70LjRgtC60LCUjARzbHVnlIwVa2VyYW1pY2hlc2theWEtcGxpdGthlIwCaWSUSwF1YnN1YmgwjCNMaXNhIFpvY2FsbyBMaXNhIEF1YmVyZ2luZSAxNdGFMjUuM5SMDWNvbGxlY3Rpb25faWSUSwFoNEsFjApzdXJmYWNlX2lklEsBjAV3aWR0aJRoCIwFMTUuMDCUhZRSlGgsjAUyLjEuNZSMB2FydGljbGWUjAU3NjU0NpSMC2NhdGVnb3J5X2lklEsBjA9jb3Btb3NpdGlvbnNfaWSUSwOMBmhlaWdodJRoCIwFMjUuMzCUhZRSlIwJYXZhaWxhYmxllIiMC2NvbF9pbl91cGFjlEsBjARoaXRzlEsAjAZ0aXBfaWSUSwNoMowhbGlzYS16b2NhbG8tbGlzYS1hdWJlcmdpbmUtMTVoMjUzlIwLZGVzY3JpcHRpb26UjACUjAVpbWFnZZSMHWRqYW5nby5kYi5tb2RlbHMuZmllbGRzLmZpbGVzlIwOSW1hZ2VGaWVsZEZpbGWUk5QpgZR9lCiMBV9maWxllE6MBmNsb3NlZJSJjApfY29tbWl0dGVklIhoMIwtcHJvZHVjdHMvOWRmYTk4ZGNlZmE5ZThmMTEzMjllODA0MGRhOWQxMWQuanBnlHVijARhcmVhlGgIjAQwLjA0lIWUUpSMBHNhbGWUiGgFaAiMBjExNC4wMJSFlFKUjAdub3ZpbmthlIh1YowIcXVhbnRpdHmUSwF1c3Mu	2019-03-12 21:38:14.285175+03
dh4t1mp1jsgqncdd2p83hufbex9rn2f9	ZjUzMzNhNzM2NWI3MTI2Y2M2ZDlmMmU1NDMzZWI5YjRjZTRiNTcyZjqABJUNAAAAAAAAAH2UjARjYXJ0lH2Ucy4=	2019-03-12 22:17:14.577209+03
uz72j9a14bgdsbwysjcm65x9tkjunrx4	ZjUzMzNhNzM2NWI3MTI2Y2M2ZDlmMmU1NDMzZWI5YjRjZTRiNTcyZjqABJUNAAAAAAAAAH2UjARjYXJ0lH2Ucy4=	2019-03-12 23:33:23.666845+03
m816ohb0t1kl0gbjblv47dxtn3ftr0an	ZjUzMzNhNzM2NWI3MTI2Y2M2ZDlmMmU1NDMzZWI5YjRjZTRiNTcyZjqABJUNAAAAAAAAAH2UjARjYXJ0lH2Ucy4=	2019-03-12 23:38:30.877335+03
bqigkqrku3tx6e7d1lawcya84yxzmn40	ZjUzMzNhNzM2NWI3MTI2Y2M2ZDlmMmU1NDMzZWI5YjRjZTRiNTcyZjqABJUNAAAAAAAAAH2UjARjYXJ0lH2Ucy4=	2019-03-12 23:47:03.691079+03
9sf9zkakxbkvupjzrwyw4jgvat3st0fj	ZjUzMzNhNzM2NWI3MTI2Y2M2ZDlmMmU1NDMzZWI5YjRjZTRiNTcyZjqABJUNAAAAAAAAAH2UjARjYXJ0lH2Ucy4=	2019-03-12 23:56:38.576425+03
quzc188a8b6wrrpp09nd1w14qqvv0sdr	ZjUzMzNhNzM2NWI3MTI2Y2M2ZDlmMmU1NDMzZWI5YjRjZTRiNTcyZjqABJUNAAAAAAAAAH2UjARjYXJ0lH2Ucy4=	2019-03-12 23:57:52.675512+03
xyqdcn18g4j8czmhi5byf349bp7rhtbb	ZjUzMzNhNzM2NWI3MTI2Y2M2ZDlmMmU1NDMzZWI5YjRjZTRiNTcyZjqABJUNAAAAAAAAAH2UjARjYXJ0lH2Ucy4=	2019-03-13 00:25:52.909889+03
szrdthglop6ur5qoyfqvoxluzq5lmb7n	ZjUzMzNhNzM2NWI3MTI2Y2M2ZDlmMmU1NDMzZWI5YjRjZTRiNTcyZjqABJUNAAAAAAAAAH2UjARjYXJ0lH2Ucy4=	2019-03-13 00:48:17.189037+03
7y4x97r0sk9zkwrqy86nrtsitvkxi9jb	ZjUzMzNhNzM2NWI3MTI2Y2M2ZDlmMmU1NDMzZWI5YjRjZTRiNTcyZjqABJUNAAAAAAAAAH2UjARjYXJ0lH2Ucy4=	2019-03-13 00:56:30.130576+03
gqkry31x6yid3kfksg9l7zrxxp2xucs7	ZjUzMzNhNzM2NWI3MTI2Y2M2ZDlmMmU1NDMzZWI5YjRjZTRiNTcyZjqABJUNAAAAAAAAAH2UjARjYXJ0lH2Ucy4=	2019-03-13 01:10:18.876068+03
91klf3d56vzqzqwv3dtg0zqbuwn8tjr7	ZjUzMzNhNzM2NWI3MTI2Y2M2ZDlmMmU1NDMzZWI5YjRjZTRiNTcyZjqABJUNAAAAAAAAAH2UjARjYXJ0lH2Ucy4=	2019-03-13 01:40:23.508065+03
wbmpa5uptalqbghwvrj5lhxmgqkfvwv6	ZjUzMzNhNzM2NWI3MTI2Y2M2ZDlmMmU1NDMzZWI5YjRjZTRiNTcyZjqABJUNAAAAAAAAAH2UjARjYXJ0lH2Ucy4=	2019-03-13 03:32:25.292263+03
kk0cuvn2u2dsvi8u2p3ojsi7n68vxjvr	ZjUzMzNhNzM2NWI3MTI2Y2M2ZDlmMmU1NDMzZWI5YjRjZTRiNTcyZjqABJUNAAAAAAAAAH2UjARjYXJ0lH2Ucy4=	2019-03-13 04:04:55.511216+03
oub87tgq4smheiz1rxz1burwapp75xjh	ZjUzMzNhNzM2NWI3MTI2Y2M2ZDlmMmU1NDMzZWI5YjRjZTRiNTcyZjqABJUNAAAAAAAAAH2UjARjYXJ0lH2Ucy4=	2019-03-13 05:18:55.736238+03
8zprgma7etkd662jpskkh7jdbv23uzy9	ZjUzMzNhNzM2NWI3MTI2Y2M2ZDlmMmU1NDMzZWI5YjRjZTRiNTcyZjqABJUNAAAAAAAAAH2UjARjYXJ0lH2Ucy4=	2019-03-13 05:21:27.452242+03
4s9b1bbrfkc8ftkp2i5o9j5tpy8236el	ZjUzMzNhNzM2NWI3MTI2Y2M2ZDlmMmU1NDMzZWI5YjRjZTRiNTcyZjqABJUNAAAAAAAAAH2UjARjYXJ0lH2Ucy4=	2019-03-13 05:21:45.294472+03
h9pvxlidkw34jn02pbavpt3s1qqoismo	ZjUzMzNhNzM2NWI3MTI2Y2M2ZDlmMmU1NDMzZWI5YjRjZTRiNTcyZjqABJUNAAAAAAAAAH2UjARjYXJ0lH2Ucy4=	2019-03-13 05:27:25.05827+03
gcf81362ib21pltjb9hv522qwemotles	ZjUzMzNhNzM2NWI3MTI2Y2M2ZDlmMmU1NDMzZWI5YjRjZTRiNTcyZjqABJUNAAAAAAAAAH2UjARjYXJ0lH2Ucy4=	2019-03-13 05:44:31.422533+03
lxi89ehwx5jn435jar98zaop8ikl5xfm	ZjUzMzNhNzM2NWI3MTI2Y2M2ZDlmMmU1NDMzZWI5YjRjZTRiNTcyZjqABJUNAAAAAAAAAH2UjARjYXJ0lH2Ucy4=	2019-03-13 06:55:00.454979+03
ywv90bwbviue6x100jim8i7khuwuvzp6	ZjUzMzNhNzM2NWI3MTI2Y2M2ZDlmMmU1NDMzZWI5YjRjZTRiNTcyZjqABJUNAAAAAAAAAH2UjARjYXJ0lH2Ucy4=	2019-03-13 07:28:14.110926+03
zz0gnfcx6dctdc64c2g908dxtkk9oad8	ZjUzMzNhNzM2NWI3MTI2Y2M2ZDlmMmU1NDMzZWI5YjRjZTRiNTcyZjqABJUNAAAAAAAAAH2UjARjYXJ0lH2Ucy4=	2019-03-13 07:32:35.070178+03
end9luf2r3oj47ab9x44ewp1yz99zhjb	ZjUzMzNhNzM2NWI3MTI2Y2M2ZDlmMmU1NDMzZWI5YjRjZTRiNTcyZjqABJUNAAAAAAAAAH2UjARjYXJ0lH2Ucy4=	2019-03-13 08:29:11.115332+03
6j03tzwhw9jzkx8ojcgfsc4lapsl6c3g	ZjUzMzNhNzM2NWI3MTI2Y2M2ZDlmMmU1NDMzZWI5YjRjZTRiNTcyZjqABJUNAAAAAAAAAH2UjARjYXJ0lH2Ucy4=	2019-03-13 09:02:28.617251+03
yj5e45c8ehaoknufy30gne8aisokgtb6	ZjUzMzNhNzM2NWI3MTI2Y2M2ZDlmMmU1NDMzZWI5YjRjZTRiNTcyZjqABJUNAAAAAAAAAH2UjARjYXJ0lH2Ucy4=	2019-03-13 09:56:16.316002+03
bc315ybbj1m33cubhany6opzlqe0bvz9	ZjUzMzNhNzM2NWI3MTI2Y2M2ZDlmMmU1NDMzZWI5YjRjZTRiNTcyZjqABJUNAAAAAAAAAH2UjARjYXJ0lH2Ucy4=	2019-03-13 09:57:02.11447+03
mai29hq67gs5xjvh3dhyu7wta8mdtm4n	ZjUzMzNhNzM2NWI3MTI2Y2M2ZDlmMmU1NDMzZWI5YjRjZTRiNTcyZjqABJUNAAAAAAAAAH2UjARjYXJ0lH2Ucy4=	2019-03-13 10:20:17.047188+03
xtfff09n6fg36uuvqwymk24c1vds4yx5	ZjUzMzNhNzM2NWI3MTI2Y2M2ZDlmMmU1NDMzZWI5YjRjZTRiNTcyZjqABJUNAAAAAAAAAH2UjARjYXJ0lH2Ucy4=	2019-03-13 10:56:02.137405+03
6tyvnydlsu3s1cmvwozg0v1idoze3unk	ZjUzMzNhNzM2NWI3MTI2Y2M2ZDlmMmU1NDMzZWI5YjRjZTRiNTcyZjqABJUNAAAAAAAAAH2UjARjYXJ0lH2Ucy4=	2019-03-13 12:11:12.87871+03
cs4rkkvlhurd0d0p5iv2hknzr7a22y2r	ZjUzMzNhNzM2NWI3MTI2Y2M2ZDlmMmU1NDMzZWI5YjRjZTRiNTcyZjqABJUNAAAAAAAAAH2UjARjYXJ0lH2Ucy4=	2019-03-13 12:31:37.527761+03
xr2jeb53g6onr4ljurg22q7ntpgyjpty	ZjUzMzNhNzM2NWI3MTI2Y2M2ZDlmMmU1NDMzZWI5YjRjZTRiNTcyZjqABJUNAAAAAAAAAH2UjARjYXJ0lH2Ucy4=	2019-03-13 14:41:05.575964+03
9ipd304pdyx83j3sa8jsit4qe116quav	ZjUzMzNhNzM2NWI3MTI2Y2M2ZDlmMmU1NDMzZWI5YjRjZTRiNTcyZjqABJUNAAAAAAAAAH2UjARjYXJ0lH2Ucy4=	2019-03-13 14:45:38.397988+03
tzyr1rlmlut95pk4bn968jlklrzjm079	ZjUzMzNhNzM2NWI3MTI2Y2M2ZDlmMmU1NDMzZWI5YjRjZTRiNTcyZjqABJUNAAAAAAAAAH2UjARjYXJ0lH2Ucy4=	2019-03-13 14:58:12.744562+03
2uu2pxcsw6rl0cl7m2lsoteqsk15vyj0	ZjUzMzNhNzM2NWI3MTI2Y2M2ZDlmMmU1NDMzZWI5YjRjZTRiNTcyZjqABJUNAAAAAAAAAH2UjARjYXJ0lH2Ucy4=	2019-03-14 07:11:25.659212+03
ih4aks874ogd9xhqnvg4qvch4z73k777	ZjUzMzNhNzM2NWI3MTI2Y2M2ZDlmMmU1NDMzZWI5YjRjZTRiNTcyZjqABJUNAAAAAAAAAH2UjARjYXJ0lH2Ucy4=	2019-03-13 15:35:37.135803+03
82ijnsqsgog6lzwu0xpkxc6ki1pp1q3y	ZjUzMzNhNzM2NWI3MTI2Y2M2ZDlmMmU1NDMzZWI5YjRjZTRiNTcyZjqABJUNAAAAAAAAAH2UjARjYXJ0lH2Ucy4=	2019-03-22 12:50:10.024868+03
g9105mngyow2202whf17vyzbgrwg2ibj	ZjUzMzNhNzM2NWI3MTI2Y2M2ZDlmMmU1NDMzZWI5YjRjZTRiNTcyZjqABJUNAAAAAAAAAH2UjARjYXJ0lH2Ucy4=	2019-03-15 23:27:26.338611+03
b1loexxdhueurxsznsvpf7ds193zoylu	ZjUzMzNhNzM2NWI3MTI2Y2M2ZDlmMmU1NDMzZWI5YjRjZTRiNTcyZjqABJUNAAAAAAAAAH2UjARjYXJ0lH2Ucy4=	2019-03-15 23:27:32.199652+03
4yzsiwqvytl0i8fnnpga0499l9pc6izm	ZjUzMzNhNzM2NWI3MTI2Y2M2ZDlmMmU1NDMzZWI5YjRjZTRiNTcyZjqABJUNAAAAAAAAAH2UjARjYXJ0lH2Ucy4=	2019-03-16 00:03:09.451618+03
uixa1gpgged8cevrcp0dt4uf9meyzeg3	ZjUzMzNhNzM2NWI3MTI2Y2M2ZDlmMmU1NDMzZWI5YjRjZTRiNTcyZjqABJUNAAAAAAAAAH2UjARjYXJ0lH2Ucy4=	2019-03-16 00:14:37.665806+03
sdvvlns7i91db2sfhyob89xnz8wn9ttt	ZjUzMzNhNzM2NWI3MTI2Y2M2ZDlmMmU1NDMzZWI5YjRjZTRiNTcyZjqABJUNAAAAAAAAAH2UjARjYXJ0lH2Ucy4=	2019-03-16 00:18:04.955171+03
54bp1bmenoh5xv6qffq2kltsygoqrw5s	ZjUzMzNhNzM2NWI3MTI2Y2M2ZDlmMmU1NDMzZWI5YjRjZTRiNTcyZjqABJUNAAAAAAAAAH2UjARjYXJ0lH2Ucy4=	2019-03-16 00:46:29.759232+03
5gma65ju9pb7fbmxvdi1lfbyeo1kjlyd	ZjUzMzNhNzM2NWI3MTI2Y2M2ZDlmMmU1NDMzZWI5YjRjZTRiNTcyZjqABJUNAAAAAAAAAH2UjARjYXJ0lH2Ucy4=	2019-03-16 02:15:01.733731+03
864tmxl1cwsmhb63h187xxy9etnqehua	ZjUzMzNhNzM2NWI3MTI2Y2M2ZDlmMmU1NDMzZWI5YjRjZTRiNTcyZjqABJUNAAAAAAAAAH2UjARjYXJ0lH2Ucy4=	2019-03-16 02:24:16.733996+03
rzsqbru8gnn6mex7xw83cer0fl78e6rw	ZjUzMzNhNzM2NWI3MTI2Y2M2ZDlmMmU1NDMzZWI5YjRjZTRiNTcyZjqABJUNAAAAAAAAAH2UjARjYXJ0lH2Ucy4=	2019-03-16 02:36:54.886622+03
67eljlrrvdy48uv2o3hnawgo0env3yzt	ZjUzMzNhNzM2NWI3MTI2Y2M2ZDlmMmU1NDMzZWI5YjRjZTRiNTcyZjqABJUNAAAAAAAAAH2UjARjYXJ0lH2Ucy4=	2019-03-16 03:31:09.277169+03
x9mpko1or20i8bqavmogdqe8zkygsfpm	ZjUzMzNhNzM2NWI3MTI2Y2M2ZDlmMmU1NDMzZWI5YjRjZTRiNTcyZjqABJUNAAAAAAAAAH2UjARjYXJ0lH2Ucy4=	2019-03-16 03:38:23.701107+03
bvhy0ktapsxwfqc27fman2oyw4ypqkv8	ZjUzMzNhNzM2NWI3MTI2Y2M2ZDlmMmU1NDMzZWI5YjRjZTRiNTcyZjqABJUNAAAAAAAAAH2UjARjYXJ0lH2Ucy4=	2019-03-16 04:52:06.704258+03
slqpirthaxkkifrzkb5xz23rwe3t3v6m	ZjUzMzNhNzM2NWI3MTI2Y2M2ZDlmMmU1NDMzZWI5YjRjZTRiNTcyZjqABJUNAAAAAAAAAH2UjARjYXJ0lH2Ucy4=	2019-03-16 06:34:04.436557+03
14344euia93ui8fmtz2sjv9s3q8qpbp9	ZjUzMzNhNzM2NWI3MTI2Y2M2ZDlmMmU1NDMzZWI5YjRjZTRiNTcyZjqABJUNAAAAAAAAAH2UjARjYXJ0lH2Ucy4=	2019-03-16 07:24:04.316953+03
46zkg9vfrmkti8aipoog2zuyeo5k24dn	ZjUzMzNhNzM2NWI3MTI2Y2M2ZDlmMmU1NDMzZWI5YjRjZTRiNTcyZjqABJUNAAAAAAAAAH2UjARjYXJ0lH2Ucy4=	2019-03-16 08:41:34.265353+03
budfg6tg9dgliwltfx4psdiyneofzziv	ZjUzMzNhNzM2NWI3MTI2Y2M2ZDlmMmU1NDMzZWI5YjRjZTRiNTcyZjqABJUNAAAAAAAAAH2UjARjYXJ0lH2Ucy4=	2019-03-16 08:56:14.992937+03
raxw6b13duj8minevkg3g50utcg3cmlb	ZjUzMzNhNzM2NWI3MTI2Y2M2ZDlmMmU1NDMzZWI5YjRjZTRiNTcyZjqABJUNAAAAAAAAAH2UjARjYXJ0lH2Ucy4=	2019-03-16 09:13:56.916072+03
8br0799him40mce2kn7i2a4xii1klff9	ZjUzMzNhNzM2NWI3MTI2Y2M2ZDlmMmU1NDMzZWI5YjRjZTRiNTcyZjqABJUNAAAAAAAAAH2UjARjYXJ0lH2Ucy4=	2019-03-16 10:01:26.795985+03
30v38gsozq4y2uhrqpvg5klj44fq3npo	ZjUzMzNhNzM2NWI3MTI2Y2M2ZDlmMmU1NDMzZWI5YjRjZTRiNTcyZjqABJUNAAAAAAAAAH2UjARjYXJ0lH2Ucy4=	2019-03-16 10:30:54.401979+03
fe9c7hcm44h12mk47y1i8f9sbzceh3yy	ZjUzMzNhNzM2NWI3MTI2Y2M2ZDlmMmU1NDMzZWI5YjRjZTRiNTcyZjqABJUNAAAAAAAAAH2UjARjYXJ0lH2Ucy4=	2019-03-16 10:57:03.336975+03
il6jhrz442jk8dzlmk4x928oz0vca5yf	ZjUzMzNhNzM2NWI3MTI2Y2M2ZDlmMmU1NDMzZWI5YjRjZTRiNTcyZjqABJUNAAAAAAAAAH2UjARjYXJ0lH2Ucy4=	2019-03-16 10:57:04.583646+03
jf1o4bq4x51j4drai7bhwk0xfl71rxih	ZjUzMzNhNzM2NWI3MTI2Y2M2ZDlmMmU1NDMzZWI5YjRjZTRiNTcyZjqABJUNAAAAAAAAAH2UjARjYXJ0lH2Ucy4=	2019-03-16 10:57:05.494555+03
y8rwxgnhfy7xqut84hcrzxuhdwb9ri06	ZjUzMzNhNzM2NWI3MTI2Y2M2ZDlmMmU1NDMzZWI5YjRjZTRiNTcyZjqABJUNAAAAAAAAAH2UjARjYXJ0lH2Ucy4=	2019-03-16 10:57:06.41552+03
ykbk044ccobbpau2k0f1gghygwxi9cml	ZjUzMzNhNzM2NWI3MTI2Y2M2ZDlmMmU1NDMzZWI5YjRjZTRiNTcyZjqABJUNAAAAAAAAAH2UjARjYXJ0lH2Ucy4=	2019-03-16 11:09:21.574503+03
td201jxzjq4qx7raie9f1xa7wd8scdhk	ZjUzMzNhNzM2NWI3MTI2Y2M2ZDlmMmU1NDMzZWI5YjRjZTRiNTcyZjqABJUNAAAAAAAAAH2UjARjYXJ0lH2Ucy4=	2019-03-16 11:29:38.288101+03
p6qr223zg0fr69osu8rgazxmh6upv4h7	ZjUzMzNhNzM2NWI3MTI2Y2M2ZDlmMmU1NDMzZWI5YjRjZTRiNTcyZjqABJUNAAAAAAAAAH2UjARjYXJ0lH2Ucy4=	2019-03-16 13:06:28.370585+03
fbhw85h8buzv7v3cvxmmzjbm2uyg8mgv	ZjUzMzNhNzM2NWI3MTI2Y2M2ZDlmMmU1NDMzZWI5YjRjZTRiNTcyZjqABJUNAAAAAAAAAH2UjARjYXJ0lH2Ucy4=	2019-03-16 13:18:11.461982+03
1plaeqwp6zu9gzp5l7dnoba60410a0wf	ZjUzMzNhNzM2NWI3MTI2Y2M2ZDlmMmU1NDMzZWI5YjRjZTRiNTcyZjqABJUNAAAAAAAAAH2UjARjYXJ0lH2Ucy4=	2019-03-16 15:01:36.105598+03
wmpmg2rsfwywfdmkvsxa049pyxcjzmc3	ZjUzMzNhNzM2NWI3MTI2Y2M2ZDlmMmU1NDMzZWI5YjRjZTRiNTcyZjqABJUNAAAAAAAAAH2UjARjYXJ0lH2Ucy4=	2019-03-16 15:04:23.513328+03
uq8j99677e2mk6ouv43wf79fk3lj1ysd	ZjUzMzNhNzM2NWI3MTI2Y2M2ZDlmMmU1NDMzZWI5YjRjZTRiNTcyZjqABJUNAAAAAAAAAH2UjARjYXJ0lH2Ucy4=	2019-03-16 16:04:11.406626+03
twx1h5lezafojc5svrxvojbkuy3yri35	ZjUzMzNhNzM2NWI3MTI2Y2M2ZDlmMmU1NDMzZWI5YjRjZTRiNTcyZjqABJUNAAAAAAAAAH2UjARjYXJ0lH2Ucy4=	2019-03-16 16:05:15.78508+03
q78mcizj85py8jdcn3ghmqk4u1m9joy2	ZjUzMzNhNzM2NWI3MTI2Y2M2ZDlmMmU1NDMzZWI5YjRjZTRiNTcyZjqABJUNAAAAAAAAAH2UjARjYXJ0lH2Ucy4=	2019-03-16 16:06:31.547157+03
zvyerdncrs5tjyz5ixatnilcp51ngkdz	ZjUzMzNhNzM2NWI3MTI2Y2M2ZDlmMmU1NDMzZWI5YjRjZTRiNTcyZjqABJUNAAAAAAAAAH2UjARjYXJ0lH2Ucy4=	2019-03-16 16:52:29.532987+03
iqu5jpo6yue7dibf5yomfac90h5n0lup	ZjUzMzNhNzM2NWI3MTI2Y2M2ZDlmMmU1NDMzZWI5YjRjZTRiNTcyZjqABJUNAAAAAAAAAH2UjARjYXJ0lH2Ucy4=	2019-03-16 17:29:07.963267+03
txyvy9jgjxhouvi1k0rc8bokewdimr5j	ZjUzMzNhNzM2NWI3MTI2Y2M2ZDlmMmU1NDMzZWI5YjRjZTRiNTcyZjqABJUNAAAAAAAAAH2UjARjYXJ0lH2Ucy4=	2019-03-16 18:32:21.465655+03
ufiq0fmox0lele8za0xvhqv4o3rakfr7	ZjUzMzNhNzM2NWI3MTI2Y2M2ZDlmMmU1NDMzZWI5YjRjZTRiNTcyZjqABJUNAAAAAAAAAH2UjARjYXJ0lH2Ucy4=	2019-03-16 20:16:41.011027+03
7sr9mj5a8optsyqxwv3qtx6q7g2vyjyg	ZjUzMzNhNzM2NWI3MTI2Y2M2ZDlmMmU1NDMzZWI5YjRjZTRiNTcyZjqABJUNAAAAAAAAAH2UjARjYXJ0lH2Ucy4=	2019-03-16 22:01:47.787166+03
fptcml3qnz3a5poanu3ji8xop3ef7p8l	ZjUzMzNhNzM2NWI3MTI2Y2M2ZDlmMmU1NDMzZWI5YjRjZTRiNTcyZjqABJUNAAAAAAAAAH2UjARjYXJ0lH2Ucy4=	2019-03-16 22:15:08.843648+03
nrxpja0q8cshg84d6180xya5ivf411m3	ZjUzMzNhNzM2NWI3MTI2Y2M2ZDlmMmU1NDMzZWI5YjRjZTRiNTcyZjqABJUNAAAAAAAAAH2UjARjYXJ0lH2Ucy4=	2019-03-16 22:17:56.509667+03
hbo6zj1981u3x700znzrkst94ock7v8w	ZjUzMzNhNzM2NWI3MTI2Y2M2ZDlmMmU1NDMzZWI5YjRjZTRiNTcyZjqABJUNAAAAAAAAAH2UjARjYXJ0lH2Ucy4=	2019-03-16 22:25:43.083027+03
li7n3wxlvn40oncsmx2pp5ska6k3wd6c	ZjUzMzNhNzM2NWI3MTI2Y2M2ZDlmMmU1NDMzZWI5YjRjZTRiNTcyZjqABJUNAAAAAAAAAH2UjARjYXJ0lH2Ucy4=	2019-03-13 16:42:32.779321+03
1ghkwc6incz1h44arqso55ni3z1xltts	ZjUzMzNhNzM2NWI3MTI2Y2M2ZDlmMmU1NDMzZWI5YjRjZTRiNTcyZjqABJUNAAAAAAAAAH2UjARjYXJ0lH2Ucy4=	2019-03-13 16:43:51.897026+03
btt1yj45x38c3i14b4y6da6bwy7wmkc5	ZjUzMzNhNzM2NWI3MTI2Y2M2ZDlmMmU1NDMzZWI5YjRjZTRiNTcyZjqABJUNAAAAAAAAAH2UjARjYXJ0lH2Ucy4=	2019-03-13 16:44:04.780002+03
ep6dd0ucxs6iuwutfsw6ckzjhtph7wjf	ZjUzMzNhNzM2NWI3MTI2Y2M2ZDlmMmU1NDMzZWI5YjRjZTRiNTcyZjqABJUNAAAAAAAAAH2UjARjYXJ0lH2Ucy4=	2019-03-13 16:44:19.529672+03
3wwqxok5amii8wgeiozopmb2fvelhs75	ZjUzMzNhNzM2NWI3MTI2Y2M2ZDlmMmU1NDMzZWI5YjRjZTRiNTcyZjqABJUNAAAAAAAAAH2UjARjYXJ0lH2Ucy4=	2019-03-13 16:45:52.243067+03
1jel69l8uxten29tdop7ikh15hhlsmec	ZjUzMzNhNzM2NWI3MTI2Y2M2ZDlmMmU1NDMzZWI5YjRjZTRiNTcyZjqABJUNAAAAAAAAAH2UjARjYXJ0lH2Ucy4=	2019-03-13 16:46:16.871222+03
4hcscjgp80dggz17a0zh7rw5eihxijuc	ZjUzMzNhNzM2NWI3MTI2Y2M2ZDlmMmU1NDMzZWI5YjRjZTRiNTcyZjqABJUNAAAAAAAAAH2UjARjYXJ0lH2Ucy4=	2019-03-13 16:47:09.397711+03
g6p9enp9gxhyg467p40z512si1b8twz2	ZjUzMzNhNzM2NWI3MTI2Y2M2ZDlmMmU1NDMzZWI5YjRjZTRiNTcyZjqABJUNAAAAAAAAAH2UjARjYXJ0lH2Ucy4=	2019-03-13 16:48:31.919666+03
xnxsc1kb0a1au36368dnvf3sbci6hz06	ZjUzMzNhNzM2NWI3MTI2Y2M2ZDlmMmU1NDMzZWI5YjRjZTRiNTcyZjqABJUNAAAAAAAAAH2UjARjYXJ0lH2Ucy4=	2019-03-13 16:50:37.721584+03
btlyrjizsh4z8010645ln2m83s85mq3k	ZjUzMzNhNzM2NWI3MTI2Y2M2ZDlmMmU1NDMzZWI5YjRjZTRiNTcyZjqABJUNAAAAAAAAAH2UjARjYXJ0lH2Ucy4=	2019-03-13 16:51:02.19997+03
watq5ay62qihcllv84lpnex4c9fibbro	ZjUzMzNhNzM2NWI3MTI2Y2M2ZDlmMmU1NDMzZWI5YjRjZTRiNTcyZjqABJUNAAAAAAAAAH2UjARjYXJ0lH2Ucy4=	2019-03-13 16:51:18.545232+03
mrpwk3s5gydh6l6shpxnmn2vnuoob4yi	ZjUzMzNhNzM2NWI3MTI2Y2M2ZDlmMmU1NDMzZWI5YjRjZTRiNTcyZjqABJUNAAAAAAAAAH2UjARjYXJ0lH2Ucy4=	2019-03-13 16:51:26.700829+03
py35jr4mglcjoybfrjfqjuzdyegspfme	ZjUzMzNhNzM2NWI3MTI2Y2M2ZDlmMmU1NDMzZWI5YjRjZTRiNTcyZjqABJUNAAAAAAAAAH2UjARjYXJ0lH2Ucy4=	2019-03-13 16:51:34.948571+03
6sug45cj1leh2wnztw4brpfgczunry4v	ZjUzMzNhNzM2NWI3MTI2Y2M2ZDlmMmU1NDMzZWI5YjRjZTRiNTcyZjqABJUNAAAAAAAAAH2UjARjYXJ0lH2Ucy4=	2019-03-13 16:51:43.199074+03
zohgw0bvkmrr8q9oaig15suv7gevwbhz	ZjUzMzNhNzM2NWI3MTI2Y2M2ZDlmMmU1NDMzZWI5YjRjZTRiNTcyZjqABJUNAAAAAAAAAH2UjARjYXJ0lH2Ucy4=	2019-03-13 16:51:51.629079+03
qo7xpq0td4pxgd04al21hjw4ek4endkw	ZjUzMzNhNzM2NWI3MTI2Y2M2ZDlmMmU1NDMzZWI5YjRjZTRiNTcyZjqABJUNAAAAAAAAAH2UjARjYXJ0lH2Ucy4=	2019-03-13 16:52:00.308855+03
e2bdxgyrinh8ca41re0jmw5ilq79a51h	ZjUzMzNhNzM2NWI3MTI2Y2M2ZDlmMmU1NDMzZWI5YjRjZTRiNTcyZjqABJUNAAAAAAAAAH2UjARjYXJ0lH2Ucy4=	2019-03-13 17:28:06.273748+03
p0lftcqg9h9pasr6f8zud2qw4o76bekx	ZjUzMzNhNzM2NWI3MTI2Y2M2ZDlmMmU1NDMzZWI5YjRjZTRiNTcyZjqABJUNAAAAAAAAAH2UjARjYXJ0lH2Ucy4=	2019-03-13 17:34:26.645881+03
gszq4jsomujiw3a6fshn7omse6b9puzn	ZjUzMzNhNzM2NWI3MTI2Y2M2ZDlmMmU1NDMzZWI5YjRjZTRiNTcyZjqABJUNAAAAAAAAAH2UjARjYXJ0lH2Ucy4=	2019-03-13 18:10:57.265659+03
v92e7dlebwtq6u2qwdznuxezbr0o9usj	ZjUzMzNhNzM2NWI3MTI2Y2M2ZDlmMmU1NDMzZWI5YjRjZTRiNTcyZjqABJUNAAAAAAAAAH2UjARjYXJ0lH2Ucy4=	2019-03-13 18:12:47.143432+03
ytnvg3178517f8i3zmqk7ynl3xggnii5	ZjUzMzNhNzM2NWI3MTI2Y2M2ZDlmMmU1NDMzZWI5YjRjZTRiNTcyZjqABJUNAAAAAAAAAH2UjARjYXJ0lH2Ucy4=	2019-03-13 18:12:47.442037+03
7ezj643jgh3r8z9cn13q44wm1k06sj71	ZjUzMzNhNzM2NWI3MTI2Y2M2ZDlmMmU1NDMzZWI5YjRjZTRiNTcyZjqABJUNAAAAAAAAAH2UjARjYXJ0lH2Ucy4=	2019-03-13 18:21:42.101195+03
5tqrp4a93qdj9hep4223vpri773z73y9	ZjUzMzNhNzM2NWI3MTI2Y2M2ZDlmMmU1NDMzZWI5YjRjZTRiNTcyZjqABJUNAAAAAAAAAH2UjARjYXJ0lH2Ucy4=	2019-03-13 19:29:23.351336+03
s14gh8oljmtq8unc839x9mculopby5ff	ZjUzMzNhNzM2NWI3MTI2Y2M2ZDlmMmU1NDMzZWI5YjRjZTRiNTcyZjqABJUNAAAAAAAAAH2UjARjYXJ0lH2Ucy4=	2019-03-13 19:55:09.411411+03
buxf1n6p7h4pqm2kkl90wh3holo8rj7s	ZjUzMzNhNzM2NWI3MTI2Y2M2ZDlmMmU1NDMzZWI5YjRjZTRiNTcyZjqABJUNAAAAAAAAAH2UjARjYXJ0lH2Ucy4=	2019-03-13 22:29:37.227627+03
z0ywsy0b9b84f8wwnsfctjsi5gnleujm	ZjUzMzNhNzM2NWI3MTI2Y2M2ZDlmMmU1NDMzZWI5YjRjZTRiNTcyZjqABJUNAAAAAAAAAH2UjARjYXJ0lH2Ucy4=	2019-03-13 22:54:25.913588+03
9rbgrfmbvoqdb5mgggx89h1f3ebb2u68	ZjUzMzNhNzM2NWI3MTI2Y2M2ZDlmMmU1NDMzZWI5YjRjZTRiNTcyZjqABJUNAAAAAAAAAH2UjARjYXJ0lH2Ucy4=	2019-03-13 22:59:51.774371+03
1vvwwrno1kt27v29s0m5et0uqmxiqd84	ZjUzMzNhNzM2NWI3MTI2Y2M2ZDlmMmU1NDMzZWI5YjRjZTRiNTcyZjqABJUNAAAAAAAAAH2UjARjYXJ0lH2Ucy4=	2019-03-14 00:06:35.695911+03
h246bddhje56x4gh9iyxpbb6f3l6p9tw	ZjUzMzNhNzM2NWI3MTI2Y2M2ZDlmMmU1NDMzZWI5YjRjZTRiNTcyZjqABJUNAAAAAAAAAH2UjARjYXJ0lH2Ucy4=	2019-03-14 00:16:06.053225+03
b77ntq8o2g1dg69gq3k55kssarcisp5n	ZjUzMzNhNzM2NWI3MTI2Y2M2ZDlmMmU1NDMzZWI5YjRjZTRiNTcyZjqABJUNAAAAAAAAAH2UjARjYXJ0lH2Ucy4=	2019-03-14 01:31:08.343002+03
u8u8ogs3b6gzvkxp97dimiryteeoqdcj	ZjUzMzNhNzM2NWI3MTI2Y2M2ZDlmMmU1NDMzZWI5YjRjZTRiNTcyZjqABJUNAAAAAAAAAH2UjARjYXJ0lH2Ucy4=	2019-03-14 01:37:40.856875+03
h50wxb1u8bpoodplij0hopvqxauuo3ql	ZjUzMzNhNzM2NWI3MTI2Y2M2ZDlmMmU1NDMzZWI5YjRjZTRiNTcyZjqABJUNAAAAAAAAAH2UjARjYXJ0lH2Ucy4=	2019-03-14 01:37:40.866301+03
v1k1glqfc4fs6g62zc6knuskzare4qr8	ZjUzMzNhNzM2NWI3MTI2Y2M2ZDlmMmU1NDMzZWI5YjRjZTRiNTcyZjqABJUNAAAAAAAAAH2UjARjYXJ0lH2Ucy4=	2019-03-14 02:14:17.626799+03
15p5holddoscac9yiadtcdd8cpu15446	ZjUzMzNhNzM2NWI3MTI2Y2M2ZDlmMmU1NDMzZWI5YjRjZTRiNTcyZjqABJUNAAAAAAAAAH2UjARjYXJ0lH2Ucy4=	2019-03-14 03:25:55.796506+03
gw0zhhm8efx2wyug0zgcxbxy60i0kgj0	ZjUzMzNhNzM2NWI3MTI2Y2M2ZDlmMmU1NDMzZWI5YjRjZTRiNTcyZjqABJUNAAAAAAAAAH2UjARjYXJ0lH2Ucy4=	2019-03-14 03:43:52.713+03
ri2twxdkmruviwrqvc5h81udnxc4s7vf	ZjUzMzNhNzM2NWI3MTI2Y2M2ZDlmMmU1NDMzZWI5YjRjZTRiNTcyZjqABJUNAAAAAAAAAH2UjARjYXJ0lH2Ucy4=	2019-03-14 04:57:33.151535+03
h99mhuk86u9c8bspkk6yli6s1fwb8dbg	ZjUzMzNhNzM2NWI3MTI2Y2M2ZDlmMmU1NDMzZWI5YjRjZTRiNTcyZjqABJUNAAAAAAAAAH2UjARjYXJ0lH2Ucy4=	2019-03-14 05:03:48.650981+03
2gcxzimdgwu5nzyh0hrzihf6h40kmr40	ZjUzMzNhNzM2NWI3MTI2Y2M2ZDlmMmU1NDMzZWI5YjRjZTRiNTcyZjqABJUNAAAAAAAAAH2UjARjYXJ0lH2Ucy4=	2019-03-14 05:49:36.399641+03
r9zte71dzgodio8fma1fdg3323t5tm2b	ZjUzMzNhNzM2NWI3MTI2Y2M2ZDlmMmU1NDMzZWI5YjRjZTRiNTcyZjqABJUNAAAAAAAAAH2UjARjYXJ0lH2Ucy4=	2019-03-14 05:49:36.699297+03
uoof8b3nsrrt09gbj9qgrf7j7ey5htfr	ZjUzMzNhNzM2NWI3MTI2Y2M2ZDlmMmU1NDMzZWI5YjRjZTRiNTcyZjqABJUNAAAAAAAAAH2UjARjYXJ0lH2Ucy4=	2019-03-14 07:47:36.540753+03
i2sf3uh8kmbnb9beyaxrcgz9xucxlajh	ZjUzMzNhNzM2NWI3MTI2Y2M2ZDlmMmU1NDMzZWI5YjRjZTRiNTcyZjqABJUNAAAAAAAAAH2UjARjYXJ0lH2Ucy4=	2019-03-14 08:51:00.69729+03
gbpa5hhjsskuotecpuxmax7ou1q8spt8	ZjUzMzNhNzM2NWI3MTI2Y2M2ZDlmMmU1NDMzZWI5YjRjZTRiNTcyZjqABJUNAAAAAAAAAH2UjARjYXJ0lH2Ucy4=	2019-03-14 08:56:07.936749+03
d4i06vomk4jgpqoum71tisadm3my9s87	ZjUzMzNhNzM2NWI3MTI2Y2M2ZDlmMmU1NDMzZWI5YjRjZTRiNTcyZjqABJUNAAAAAAAAAH2UjARjYXJ0lH2Ucy4=	2019-03-14 10:11:02.088468+03
d6470n2dq3bqnpb1m86mfk747vcqpbxj	ZjUzMzNhNzM2NWI3MTI2Y2M2ZDlmMmU1NDMzZWI5YjRjZTRiNTcyZjqABJUNAAAAAAAAAH2UjARjYXJ0lH2Ucy4=	2019-03-14 10:14:45.408746+03
txid3ay9snv0mai0d35vu0raduhoj4jh	ZjUzMzNhNzM2NWI3MTI2Y2M2ZDlmMmU1NDMzZWI5YjRjZTRiNTcyZjqABJUNAAAAAAAAAH2UjARjYXJ0lH2Ucy4=	2019-03-14 10:30:48.724378+03
whrcsmtjbsqsj0ndky1k17rpsdtn999v	ZjUzMzNhNzM2NWI3MTI2Y2M2ZDlmMmU1NDMzZWI5YjRjZTRiNTcyZjqABJUNAAAAAAAAAH2UjARjYXJ0lH2Ucy4=	2019-03-14 10:38:21.358873+03
ni52dpqv0ksnp67yh59h3zxsn71wsj5u	ZjUzMzNhNzM2NWI3MTI2Y2M2ZDlmMmU1NDMzZWI5YjRjZTRiNTcyZjqABJUNAAAAAAAAAH2UjARjYXJ0lH2Ucy4=	2019-03-14 10:50:45.982538+03
fda8mm9ftpelep8shhco7o14sh7ptkhl	ZjUzMzNhNzM2NWI3MTI2Y2M2ZDlmMmU1NDMzZWI5YjRjZTRiNTcyZjqABJUNAAAAAAAAAH2UjARjYXJ0lH2Ucy4=	2019-03-14 10:52:10.615622+03
ecou2yg4who0fujyrgr4s7xqe8mun2gn	ZjUzMzNhNzM2NWI3MTI2Y2M2ZDlmMmU1NDMzZWI5YjRjZTRiNTcyZjqABJUNAAAAAAAAAH2UjARjYXJ0lH2Ucy4=	2019-03-14 11:37:54.807203+03
6d5696yhukw7us6hspd7guv51lim8ou8	ZjUzMzNhNzM2NWI3MTI2Y2M2ZDlmMmU1NDMzZWI5YjRjZTRiNTcyZjqABJUNAAAAAAAAAH2UjARjYXJ0lH2Ucy4=	2019-03-14 14:00:05.161201+03
wdrbi7pc38wpkmt9r0nfd7ha5u280p1t	ZjUzMzNhNzM2NWI3MTI2Y2M2ZDlmMmU1NDMzZWI5YjRjZTRiNTcyZjqABJUNAAAAAAAAAH2UjARjYXJ0lH2Ucy4=	2019-03-14 14:04:43.637482+03
8rnkloq2t4e0q96kzvhebb83umy159s2	ZjUzMzNhNzM2NWI3MTI2Y2M2ZDlmMmU1NDMzZWI5YjRjZTRiNTcyZjqABJUNAAAAAAAAAH2UjARjYXJ0lH2Ucy4=	2019-03-14 14:35:27.114466+03
l07g3e8f48evmdfasdjsw1zkfh2an9ik	ZjUzMzNhNzM2NWI3MTI2Y2M2ZDlmMmU1NDMzZWI5YjRjZTRiNTcyZjqABJUNAAAAAAAAAH2UjARjYXJ0lH2Ucy4=	2019-03-14 16:16:52.250693+03
eqyo0sqbvrn0sau121dq71f5y13o47ir	ZjUzMzNhNzM2NWI3MTI2Y2M2ZDlmMmU1NDMzZWI5YjRjZTRiNTcyZjqABJUNAAAAAAAAAH2UjARjYXJ0lH2Ucy4=	2019-03-14 16:19:19.911237+03
3ij0nq7u0a03h6i7avyn5b01kmhkts3y	ZjUzMzNhNzM2NWI3MTI2Y2M2ZDlmMmU1NDMzZWI5YjRjZTRiNTcyZjqABJUNAAAAAAAAAH2UjARjYXJ0lH2Ucy4=	2019-03-14 16:19:57.06335+03
ttvpgadlqzzywq59fwgmgtwl1hys3oli	ZjUzMzNhNzM2NWI3MTI2Y2M2ZDlmMmU1NDMzZWI5YjRjZTRiNTcyZjqABJUNAAAAAAAAAH2UjARjYXJ0lH2Ucy4=	2019-03-14 16:41:59.990801+03
x1amvk2s22ivyu6ksglq1pnt7eqgm2el	ZjUzMzNhNzM2NWI3MTI2Y2M2ZDlmMmU1NDMzZWI5YjRjZTRiNTcyZjqABJUNAAAAAAAAAH2UjARjYXJ0lH2Ucy4=	2019-03-14 17:14:49.55274+03
gvw4pheofub31vsu8ng8q3j4nhelcrj6	ZjUzMzNhNzM2NWI3MTI2Y2M2ZDlmMmU1NDMzZWI5YjRjZTRiNTcyZjqABJUNAAAAAAAAAH2UjARjYXJ0lH2Ucy4=	2019-03-14 17:17:28.776356+03
s6f1jiaksoak2r64is0nj8yuw2xv5e1r	ZjUzMzNhNzM2NWI3MTI2Y2M2ZDlmMmU1NDMzZWI5YjRjZTRiNTcyZjqABJUNAAAAAAAAAH2UjARjYXJ0lH2Ucy4=	2019-03-14 17:46:11.885116+03
trurr0l90aztu4z3ktl3m329jkt754vm	ZjUzMzNhNzM2NWI3MTI2Y2M2ZDlmMmU1NDMzZWI5YjRjZTRiNTcyZjqABJUNAAAAAAAAAH2UjARjYXJ0lH2Ucy4=	2019-03-14 18:44:33.98016+03
5s36vgoi1alfba3tgn0tuxtx9sqim0ef	ZjUzMzNhNzM2NWI3MTI2Y2M2ZDlmMmU1NDMzZWI5YjRjZTRiNTcyZjqABJUNAAAAAAAAAH2UjARjYXJ0lH2Ucy4=	2019-03-14 18:53:27.106764+03
rcatfvy7khh4108h43odd18ukfbz7xww	ZjUzMzNhNzM2NWI3MTI2Y2M2ZDlmMmU1NDMzZWI5YjRjZTRiNTcyZjqABJUNAAAAAAAAAH2UjARjYXJ0lH2Ucy4=	2019-03-14 18:54:49.907884+03
g6q6heg75u4l0kycwbk0zkrigew0tzgn	ZjUzMzNhNzM2NWI3MTI2Y2M2ZDlmMmU1NDMzZWI5YjRjZTRiNTcyZjqABJUNAAAAAAAAAH2UjARjYXJ0lH2Ucy4=	2019-03-14 19:35:09.80395+03
c8ow9v3djc974ozxbor233el6rtnj0mp	ZjUzMzNhNzM2NWI3MTI2Y2M2ZDlmMmU1NDMzZWI5YjRjZTRiNTcyZjqABJUNAAAAAAAAAH2UjARjYXJ0lH2Ucy4=	2019-03-14 20:22:27.346104+03
5dl5ek5k2tdond5lg0d5qe1bdqwprvsm	ZjUzMzNhNzM2NWI3MTI2Y2M2ZDlmMmU1NDMzZWI5YjRjZTRiNTcyZjqABJUNAAAAAAAAAH2UjARjYXJ0lH2Ucy4=	2019-03-14 21:35:24.514843+03
kuv169dz5fffehzhydoqs4dn4p0i7y91	ZjUzMzNhNzM2NWI3MTI2Y2M2ZDlmMmU1NDMzZWI5YjRjZTRiNTcyZjqABJUNAAAAAAAAAH2UjARjYXJ0lH2Ucy4=	2019-03-14 23:03:50.041634+03
opekm318rv68mqy952857s6bz55o1ok5	ZjUzMzNhNzM2NWI3MTI2Y2M2ZDlmMmU1NDMzZWI5YjRjZTRiNTcyZjqABJUNAAAAAAAAAH2UjARjYXJ0lH2Ucy4=	2019-03-14 23:13:17.446721+03
o427co0jukpxumlpe50hdwppfg6m6gpa	ZjUzMzNhNzM2NWI3MTI2Y2M2ZDlmMmU1NDMzZWI5YjRjZTRiNTcyZjqABJUNAAAAAAAAAH2UjARjYXJ0lH2Ucy4=	2019-03-14 23:14:26.820479+03
cle3alk3aejer6cavm2elng206h8iiw6	ZjUzMzNhNzM2NWI3MTI2Y2M2ZDlmMmU1NDMzZWI5YjRjZTRiNTcyZjqABJUNAAAAAAAAAH2UjARjYXJ0lH2Ucy4=	2019-03-14 23:14:30.090047+03
7ghop3gti9nnx8v5cheuiavzwoz56z33	ZjUzMzNhNzM2NWI3MTI2Y2M2ZDlmMmU1NDMzZWI5YjRjZTRiNTcyZjqABJUNAAAAAAAAAH2UjARjYXJ0lH2Ucy4=	2019-03-14 23:24:27.872948+03
c3q3qorsvb3dhmkewx9zp0wpolqem1ws	ZjUzMzNhNzM2NWI3MTI2Y2M2ZDlmMmU1NDMzZWI5YjRjZTRiNTcyZjqABJUNAAAAAAAAAH2UjARjYXJ0lH2Ucy4=	2019-03-15 00:08:13.925344+03
j4nu994jw7y8z8qgyxlzn04k32itbp78	ZjUzMzNhNzM2NWI3MTI2Y2M2ZDlmMmU1NDMzZWI5YjRjZTRiNTcyZjqABJUNAAAAAAAAAH2UjARjYXJ0lH2Ucy4=	2019-03-15 00:56:09.388435+03
rsstniob1pyzl4nw7gl4gpo2z4asgwr6	ZjUzMzNhNzM2NWI3MTI2Y2M2ZDlmMmU1NDMzZWI5YjRjZTRiNTcyZjqABJUNAAAAAAAAAH2UjARjYXJ0lH2Ucy4=	2019-03-15 00:56:12.221444+03
b6v0nhk3eb9kiwke4ok7u405saqo5gpm	ZjUzMzNhNzM2NWI3MTI2Y2M2ZDlmMmU1NDMzZWI5YjRjZTRiNTcyZjqABJUNAAAAAAAAAH2UjARjYXJ0lH2Ucy4=	2019-03-15 00:56:15.529188+03
1y3yzjo824ifnc5510af4fedkxygp5t2	ZjUzMzNhNzM2NWI3MTI2Y2M2ZDlmMmU1NDMzZWI5YjRjZTRiNTcyZjqABJUNAAAAAAAAAH2UjARjYXJ0lH2Ucy4=	2019-03-15 00:56:34.97938+03
tq5on3vpxqh5ma0ltvg8qcv6szcx13m0	ZjUzMzNhNzM2NWI3MTI2Y2M2ZDlmMmU1NDMzZWI5YjRjZTRiNTcyZjqABJUNAAAAAAAAAH2UjARjYXJ0lH2Ucy4=	2019-03-15 00:56:41.518589+03
m8fayykxxfsrt4x8ttxnfpxj1ap8y9tp	ZjUzMzNhNzM2NWI3MTI2Y2M2ZDlmMmU1NDMzZWI5YjRjZTRiNTcyZjqABJUNAAAAAAAAAH2UjARjYXJ0lH2Ucy4=	2019-03-15 01:02:16.610605+03
1it3e5volao7sctmv9g02mkzgny09nxg	ZjUzMzNhNzM2NWI3MTI2Y2M2ZDlmMmU1NDMzZWI5YjRjZTRiNTcyZjqABJUNAAAAAAAAAH2UjARjYXJ0lH2Ucy4=	2019-03-15 01:13:44.766067+03
9abhpkc8vxngl0vim5o55i9odjurg4ut	ZjUzMzNhNzM2NWI3MTI2Y2M2ZDlmMmU1NDMzZWI5YjRjZTRiNTcyZjqABJUNAAAAAAAAAH2UjARjYXJ0lH2Ucy4=	2019-03-15 01:22:46.297549+03
4eq0qm7ina7qk6dtx8sja7nd0utynzkn	ZjUzMzNhNzM2NWI3MTI2Y2M2ZDlmMmU1NDMzZWI5YjRjZTRiNTcyZjqABJUNAAAAAAAAAH2UjARjYXJ0lH2Ucy4=	2019-03-15 02:10:01.918494+03
cdbyr5z5ejai71brofja2mgzixg4lftl	ZjUzMzNhNzM2NWI3MTI2Y2M2ZDlmMmU1NDMzZWI5YjRjZTRiNTcyZjqABJUNAAAAAAAAAH2UjARjYXJ0lH2Ucy4=	2019-03-15 02:15:27.852833+03
kvzlg4pwgr0ztbx8amjaqsmw0ie364u7	ZjUzMzNhNzM2NWI3MTI2Y2M2ZDlmMmU1NDMzZWI5YjRjZTRiNTcyZjqABJUNAAAAAAAAAH2UjARjYXJ0lH2Ucy4=	2019-03-15 02:25:31.96428+03
o8znr1mw4nmwblx9qc8t0ig1v51q7g2o	ZjUzMzNhNzM2NWI3MTI2Y2M2ZDlmMmU1NDMzZWI5YjRjZTRiNTcyZjqABJUNAAAAAAAAAH2UjARjYXJ0lH2Ucy4=	2019-03-15 02:44:27.67625+03
7jd5ii4ryta4tb43vpsbpo0solg5yre7	ZjUzMzNhNzM2NWI3MTI2Y2M2ZDlmMmU1NDMzZWI5YjRjZTRiNTcyZjqABJUNAAAAAAAAAH2UjARjYXJ0lH2Ucy4=	2019-03-15 02:45:21.263598+03
rax7eqxkkdexake330gsoaidje8wwou7	ZjUzMzNhNzM2NWI3MTI2Y2M2ZDlmMmU1NDMzZWI5YjRjZTRiNTcyZjqABJUNAAAAAAAAAH2UjARjYXJ0lH2Ucy4=	2019-03-15 02:59:06.869662+03
riqd3slbuj3qta6nvkdz4qce4t9j8ag9	ZjUzMzNhNzM2NWI3MTI2Y2M2ZDlmMmU1NDMzZWI5YjRjZTRiNTcyZjqABJUNAAAAAAAAAH2UjARjYXJ0lH2Ucy4=	2019-03-15 03:02:47.772451+03
7c0lx4rva5a23jp0thdloe82rwjx2zu8	ZjUzMzNhNzM2NWI3MTI2Y2M2ZDlmMmU1NDMzZWI5YjRjZTRiNTcyZjqABJUNAAAAAAAAAH2UjARjYXJ0lH2Ucy4=	2019-03-15 03:19:28.414561+03
69r94nydkqqbbapbboiwltm7yn27w03o	ZjUzMzNhNzM2NWI3MTI2Y2M2ZDlmMmU1NDMzZWI5YjRjZTRiNTcyZjqABJUNAAAAAAAAAH2UjARjYXJ0lH2Ucy4=	2019-03-15 04:43:39.543509+03
py57im7jb3japekpswvzrkpbny245mra	ZjUzMzNhNzM2NWI3MTI2Y2M2ZDlmMmU1NDMzZWI5YjRjZTRiNTcyZjqABJUNAAAAAAAAAH2UjARjYXJ0lH2Ucy4=	2019-03-15 05:04:09.473921+03
12so8jfqw06i0bx0uo07oz7hwi92sfvk	ZjUzMzNhNzM2NWI3MTI2Y2M2ZDlmMmU1NDMzZWI5YjRjZTRiNTcyZjqABJUNAAAAAAAAAH2UjARjYXJ0lH2Ucy4=	2019-03-15 05:14:08.642231+03
39a9vow898ttmix1mab2ov1lch6ngxzr	ZjUzMzNhNzM2NWI3MTI2Y2M2ZDlmMmU1NDMzZWI5YjRjZTRiNTcyZjqABJUNAAAAAAAAAH2UjARjYXJ0lH2Ucy4=	2019-03-15 05:23:44.75546+03
l30004sca4pp7us5sod5zvf5xi8ovrz5	ZjUzMzNhNzM2NWI3MTI2Y2M2ZDlmMmU1NDMzZWI5YjRjZTRiNTcyZjqABJUNAAAAAAAAAH2UjARjYXJ0lH2Ucy4=	2019-03-15 05:44:17.747091+03
rd4fkwbr9avf2j9850dkltz5mm3y3zll	ZjUzMzNhNzM2NWI3MTI2Y2M2ZDlmMmU1NDMzZWI5YjRjZTRiNTcyZjqABJUNAAAAAAAAAH2UjARjYXJ0lH2Ucy4=	2019-03-15 06:04:17.210106+03
0gkre1ix9eo3cellt5dzlxu9aljtzm2c	ZjUzMzNhNzM2NWI3MTI2Y2M2ZDlmMmU1NDMzZWI5YjRjZTRiNTcyZjqABJUNAAAAAAAAAH2UjARjYXJ0lH2Ucy4=	2019-03-15 06:05:35.451809+03
8w2quabt9cc4d2khvx9nimo9olh9cl3u	ZjUzMzNhNzM2NWI3MTI2Y2M2ZDlmMmU1NDMzZWI5YjRjZTRiNTcyZjqABJUNAAAAAAAAAH2UjARjYXJ0lH2Ucy4=	2019-03-15 06:10:05.297001+03
ephad9v5r9d4p1aii1a7wr2w0j6j7p3i	ZjUzMzNhNzM2NWI3MTI2Y2M2ZDlmMmU1NDMzZWI5YjRjZTRiNTcyZjqABJUNAAAAAAAAAH2UjARjYXJ0lH2Ucy4=	2019-03-15 06:10:18.009788+03
n18a6b7fful3afik7n6qak77d3235wc8	ZjUzMzNhNzM2NWI3MTI2Y2M2ZDlmMmU1NDMzZWI5YjRjZTRiNTcyZjqABJUNAAAAAAAAAH2UjARjYXJ0lH2Ucy4=	2019-03-15 06:10:56.35458+03
o1yj4yirndwb6n1dkurnl5mr3ilw6tyw	ZjUzMzNhNzM2NWI3MTI2Y2M2ZDlmMmU1NDMzZWI5YjRjZTRiNTcyZjqABJUNAAAAAAAAAH2UjARjYXJ0lH2Ucy4=	2019-03-15 06:11:09.192881+03
hf03hw38zrccouydk4qgxfhxs3jqgivb	ZjUzMzNhNzM2NWI3MTI2Y2M2ZDlmMmU1NDMzZWI5YjRjZTRiNTcyZjqABJUNAAAAAAAAAH2UjARjYXJ0lH2Ucy4=	2019-03-15 06:11:22.303308+03
qa87g3lndao4ehlm254pl7z9c1ne3ddw	ZjUzMzNhNzM2NWI3MTI2Y2M2ZDlmMmU1NDMzZWI5YjRjZTRiNTcyZjqABJUNAAAAAAAAAH2UjARjYXJ0lH2Ucy4=	2019-03-15 06:11:35.261532+03
fv36gboapmhsf3tlor1019ifgqn28ja7	ZjUzMzNhNzM2NWI3MTI2Y2M2ZDlmMmU1NDMzZWI5YjRjZTRiNTcyZjqABJUNAAAAAAAAAH2UjARjYXJ0lH2Ucy4=	2019-03-15 06:11:48.997881+03
xjufznr9mkz4or06gvopz4ype31kbs6s	ZjUzMzNhNzM2NWI3MTI2Y2M2ZDlmMmU1NDMzZWI5YjRjZTRiNTcyZjqABJUNAAAAAAAAAH2UjARjYXJ0lH2Ucy4=	2019-03-15 06:12:04.466312+03
pzboxlzxkmuj9dlsjuc6havce2jzq7z3	ZjUzMzNhNzM2NWI3MTI2Y2M2ZDlmMmU1NDMzZWI5YjRjZTRiNTcyZjqABJUNAAAAAAAAAH2UjARjYXJ0lH2Ucy4=	2019-03-15 06:32:37.996239+03
fti5kagt3as0n0smihw7sqx3kg15i6p7	ZjUzMzNhNzM2NWI3MTI2Y2M2ZDlmMmU1NDMzZWI5YjRjZTRiNTcyZjqABJUNAAAAAAAAAH2UjARjYXJ0lH2Ucy4=	2019-03-15 06:34:59.952349+03
cqk9th1co3d2nsumr88e3pcmh5dvqj93	ZjUzMzNhNzM2NWI3MTI2Y2M2ZDlmMmU1NDMzZWI5YjRjZTRiNTcyZjqABJUNAAAAAAAAAH2UjARjYXJ0lH2Ucy4=	2019-03-15 07:13:58.817712+03
w7p1afncp4hfjhwfk11v3aexw7z9keht	ZjUzMzNhNzM2NWI3MTI2Y2M2ZDlmMmU1NDMzZWI5YjRjZTRiNTcyZjqABJUNAAAAAAAAAH2UjARjYXJ0lH2Ucy4=	2019-03-15 07:35:08.023079+03
t36sf2704awvji2rzga59nyxduv8si6c	OWFkZWYzMmE3MmFlOTMyYzUzNWI0Mzk4NTFmYmI0ZDkyMGM5ZmUxMjqABJXaAwAAAAAAAH2UjARjYXJ0lH2UjAE5lH2UKIwHcHJvZHVjdJSMFWRqYW5nby5kYi5tb2RlbHMuYmFzZZSMDm1vZGVsX3VucGlja2xllJOUjAtwcm9kdWN0c2FwcJSMB1Byb2R1Y3SUhpSFlFKUfZQojApzdXJmYWNlX2lklEsCjA9fZGphbmdvX3ZlcnNpb26UjAUyLjEuNZSMBHNsdWeUjB1kZWtvcmF0aXZueWota2FtZW4tY2FueW9uLTI0cJSMBGFyZWGUjAdkZWNpbWFslIwHRGVjaW1hbJSTlIwEMC4wNZSFlFKUjARoaXRzlEsAjAJpZJRLCYwPY29wbW9zaXRpb25zX2lklEsFjA1jb2xsZWN0aW9uX2lklEsCjAhjb2xvcl9pZJRLAowGaGVpZ2h0lGgXjAUyNC4wMJSFlFKUjAlhdmFpbGFibGWUiIwFc3RvY2uUSwGMBXByaWNllGgXjAc0NDAwLjAwlIWUUpSMBWltYWdllIwdZGphbmdvLmRiLm1vZGVscy5maWVsZHMuZmlsZXOUjA5JbWFnZUZpZWxkRmlsZZSTlCmBlH2UKIwEbmFtZZSMLXByb2R1Y3RzLzM2YWU5YzMyNDllMWJiMGU2Y2E2MTcxOTYzMzY2MDQwLmpwZ5SMBV9maWxllE6MCl9jb21taXR0ZWSUiIwGY2xvc2VklIl1YowHbm92aW5rYZSIjAZfc3RhdGWUaAaMCk1vZGVsU3RhdGWUk5QpgZR9lCiMDGZpZWxkc19jYWNoZZR9lIwIY2F0ZWdvcnmUaAhoCYwPUHJvZHVjdENhdGVnb3J5lIaUhZRSlH2UKGgcSwJoMIwl0JTQtdC60L7RgNCw0YLQuNCy0L3Ri9C5INC60LDQvNC10L3RjJRoEowSZGVrb3JhdGl2bnlqLWthbWVulIwPX2RqYW5nb192ZXJzaW9ulIwFMi4xLjWUaDZoOCmBlH2UKIwGYWRkaW5nlImMAmRilIwHZGVmYXVsdJR1YnVic2hJiWhKaEt1YowFd2lkdGiUaBeMBTIxLjAwlIWUUpRoMIww0JTQtdC60L7RgNCw0YLQuNCy0L3Ri9C5INC60LDQvNC10L3RjCBDYW55b24gMjRQlIwEc2FsZZSIjAtjb2xfaW5fdXBhY5RLAYwHYXJ0aWNsZZSMBjU0MzU0M5SMC2Rlc2NyaXB0aW9ulIwAlIwLY2F0ZWdvcnlfaWSUSwJ1YowIcXVhbnRpdHmUSwKMC3RvdGFsX3ByaWNllGgXjAc4ODAwLjAwlIWUUpSMBXByaWNllGgXjAc0NDAwLjAwlIWUUpR1c3Mu	2019-03-15 07:48:37.605055+03
gnz8vcxsdjstoxee9r8p5o72g1fbqymh	ZjUzMzNhNzM2NWI3MTI2Y2M2ZDlmMmU1NDMzZWI5YjRjZTRiNTcyZjqABJUNAAAAAAAAAH2UjARjYXJ0lH2Ucy4=	2019-03-15 08:03:25.663409+03
o0ca70h30m07g205f95cfp45bpodzr82	ZjUzMzNhNzM2NWI3MTI2Y2M2ZDlmMmU1NDMzZWI5YjRjZTRiNTcyZjqABJUNAAAAAAAAAH2UjARjYXJ0lH2Ucy4=	2019-03-15 08:03:48.13969+03
ok9t30dzkvfohdk0q54hhgsdhkze7m81	ZjUzMzNhNzM2NWI3MTI2Y2M2ZDlmMmU1NDMzZWI5YjRjZTRiNTcyZjqABJUNAAAAAAAAAH2UjARjYXJ0lH2Ucy4=	2019-03-15 08:37:19.619838+03
e31wl63wudkzxnqqnytk5cp4jrhjnakk	ZjUzMzNhNzM2NWI3MTI2Y2M2ZDlmMmU1NDMzZWI5YjRjZTRiNTcyZjqABJUNAAAAAAAAAH2UjARjYXJ0lH2Ucy4=	2019-03-15 08:43:40.120643+03
3usos9yztea9k9cjm07di2sy2h5csfjc	ZjUzMzNhNzM2NWI3MTI2Y2M2ZDlmMmU1NDMzZWI5YjRjZTRiNTcyZjqABJUNAAAAAAAAAH2UjARjYXJ0lH2Ucy4=	2019-03-15 08:43:59.507227+03
t9bl8a6h9pazyzel9f9twi1ahsojvssl	ZjUzMzNhNzM2NWI3MTI2Y2M2ZDlmMmU1NDMzZWI5YjRjZTRiNTcyZjqABJUNAAAAAAAAAH2UjARjYXJ0lH2Ucy4=	2019-03-15 08:47:22.448419+03
vp4lt9ofn3sztq3jdde3a06bfey7hnt5	ZjUzMzNhNzM2NWI3MTI2Y2M2ZDlmMmU1NDMzZWI5YjRjZTRiNTcyZjqABJUNAAAAAAAAAH2UjARjYXJ0lH2Ucy4=	2019-03-15 08:47:41.195322+03
27vm2drkvds2974rwp08jrx2yzyi7b1r	ZjUzMzNhNzM2NWI3MTI2Y2M2ZDlmMmU1NDMzZWI5YjRjZTRiNTcyZjqABJUNAAAAAAAAAH2UjARjYXJ0lH2Ucy4=	2019-03-15 08:49:53.991825+03
7kt2dzudf1eh21szdsvwr2szpn2wv8wa	ZjUzMzNhNzM2NWI3MTI2Y2M2ZDlmMmU1NDMzZWI5YjRjZTRiNTcyZjqABJUNAAAAAAAAAH2UjARjYXJ0lH2Ucy4=	2019-03-15 08:59:38.778887+03
el5aqm7kkca9xn5n5sg73k8uvec6mocp	Njg2ODU5OGY0NTRlYzI1ZTdhYmQ0YWY0NzY3NThmODI1N2RlODI4ODqABJXlAwAAAAAAAH2UjARjYXJ0lH2UjAE2lH2UKIwHcHJvZHVjdJSMFWRqYW5nby5kYi5tb2RlbHMuYmFzZZSMDm1vZGVsX3VucGlja2xllJOUjAtwcm9kdWN0c2FwcJSMB1Byb2R1Y3SUhpSFlFKUfZQojApzdXJmYWNlX2lklEsBjA9fZGphbmdvX3ZlcnNpb26UjAUyLjEuNZSMBHNsdWeUjCtsaXNhLWNlbmVmYS1saXNhLWF1YmVyZ2luZS1taXgtMi12aWRhLTd4MjUzlIwEYXJlYZSMB2RlY2ltYWyUjAdEZWNpbWFslJOUjAQwLjAylIWUUpSMBGhpdHOUSwCMAmlklEsGjA9jb3Btb3NpdGlvbnNfaWSUSwOMDWNvbGxlY3Rpb25faWSUSwGMCGNvbG9yX2lklEsCjAZoZWlnaHSUaBeMBTI1LjMwlIWUUpSMCWF2YWlsYWJsZZSIjAVzdG9ja5RLAYwFcHJpY2WUaBeMBzEzNTcuMDCUhZRSlIwFaW1hZ2WUjB1kamFuZ28uZGIubW9kZWxzLmZpZWxkcy5maWxlc5SMDkltYWdlRmllbGRGaWxllJOUKYGUfZQojARuYW1llIwtcHJvZHVjdHMvOWI5NTAwZmZiOTFkYTY5OWNkOWM5YTI5NzI5NmQxNjUuanBnlIwFX2ZpbGWUTowKX2NvbW1pdHRlZJSIjAZjbG9zZWSUiXVijAdub3ZpbmthlIiMBl9zdGF0ZZRoBowKTW9kZWxTdGF0ZZSTlCmBlH2UKIwMZmllbGRzX2NhY2hllH2UjAhjYXRlZ29yeZRoCGgJjA9Qcm9kdWN0Q2F0ZWdvcnmUhpSFlFKUfZQoaBxLAWgwjCXQmtC10YDQsNC80LjRh9C10YHQutCw0Y8g0L/Qu9C40YLQutCwlGgSjBVrZXJhbWljaGVza2F5YS1wbGl0a2GUjA9fZGphbmdvX3ZlcnNpb26UjAUyLjEuNZRoNmg4KYGUfZQojAZhZGRpbmeUiYwCZGKUjAdkZWZhdWx0lHVidWJzaEmJaEpoS3VijAV3aWR0aJRoF4wENy4wMJSFlFKUaDCMMkxpc2EgQ2VuZWZhIExpc2EgQXViZXJnaW5lIE1peCAoMiDQstC40LTQsCkgN3gyNSwzlIwEc2FsZZSIjAtjb2xfaW5fdXBhY5RLAYwHYXJ0aWNsZZSMBTMyNDIzlIwLZGVzY3JpcHRpb26UjACUjAtjYXRlZ29yeV9pZJRLAXVijAhxdWFudGl0eZRLAYwLdG90YWxfcHJpY2WUaBeMBzEzNTcuMDCUhZRSlGgmaBeMBzEzNTcuMDCUhZRSlHVzcy4=	2019-03-15 09:00:37.085668+03
3qtoth0r2zm91h84fgubk8pzwlrepm5y	ZjUzMzNhNzM2NWI3MTI2Y2M2ZDlmMmU1NDMzZWI5YjRjZTRiNTcyZjqABJUNAAAAAAAAAH2UjARjYXJ0lH2Ucy4=	2019-03-15 09:11:39.475692+03
ftb0hupf6cf2831txc3zghs5bhn60boa	ZjUzMzNhNzM2NWI3MTI2Y2M2ZDlmMmU1NDMzZWI5YjRjZTRiNTcyZjqABJUNAAAAAAAAAH2UjARjYXJ0lH2Ucy4=	2019-03-15 09:31:13.498+03
pj3l29n4lqdzgqu950yxo96v1huh02rk	ZjUzMzNhNzM2NWI3MTI2Y2M2ZDlmMmU1NDMzZWI5YjRjZTRiNTcyZjqABJUNAAAAAAAAAH2UjARjYXJ0lH2Ucy4=	2019-03-15 10:24:54.703529+03
s7ub9a8vfg8t54cc51y5v4qbgmgzx34o	ZjUzMzNhNzM2NWI3MTI2Y2M2ZDlmMmU1NDMzZWI5YjRjZTRiNTcyZjqABJUNAAAAAAAAAH2UjARjYXJ0lH2Ucy4=	2019-03-15 10:36:17.273161+03
369ahrkr1rgnvujy48we4bwabt9svb08	ZjUzMzNhNzM2NWI3MTI2Y2M2ZDlmMmU1NDMzZWI5YjRjZTRiNTcyZjqABJUNAAAAAAAAAH2UjARjYXJ0lH2Ucy4=	2019-03-15 10:43:49.966775+03
llrs5rin7ahldvfrhma7tx7vrwzatdii	ZjUzMzNhNzM2NWI3MTI2Y2M2ZDlmMmU1NDMzZWI5YjRjZTRiNTcyZjqABJUNAAAAAAAAAH2UjARjYXJ0lH2Ucy4=	2019-03-15 11:04:03.272792+03
t3glzp7dda9eqmsc4r25waflyudefo4g	ZjUzMzNhNzM2NWI3MTI2Y2M2ZDlmMmU1NDMzZWI5YjRjZTRiNTcyZjqABJUNAAAAAAAAAH2UjARjYXJ0lH2Ucy4=	2019-03-15 11:06:25.997598+03
9pn18tiwjki9h3avk3dm9k0sac2368ed	ZjUzMzNhNzM2NWI3MTI2Y2M2ZDlmMmU1NDMzZWI5YjRjZTRiNTcyZjqABJUNAAAAAAAAAH2UjARjYXJ0lH2Ucy4=	2019-03-15 11:06:48.840261+03
l7xlnw6t4ntf23js5lc8i2uj24bpo115	ZjUzMzNhNzM2NWI3MTI2Y2M2ZDlmMmU1NDMzZWI5YjRjZTRiNTcyZjqABJUNAAAAAAAAAH2UjARjYXJ0lH2Ucy4=	2019-03-15 11:25:34.305372+03
n7xthconi3bnbfdvmq6j8d6wuabb20oo	ZjUzMzNhNzM2NWI3MTI2Y2M2ZDlmMmU1NDMzZWI5YjRjZTRiNTcyZjqABJUNAAAAAAAAAH2UjARjYXJ0lH2Ucy4=	2019-03-15 11:25:37.830321+03
w9dlrs75h20wtb7kifxrz5bv38m4joah	ZjUzMzNhNzM2NWI3MTI2Y2M2ZDlmMmU1NDMzZWI5YjRjZTRiNTcyZjqABJUNAAAAAAAAAH2UjARjYXJ0lH2Ucy4=	2019-03-15 11:41:02.256895+03
124s83tnvulkzf70guvgm9id4ggmg8ms	ZjUzMzNhNzM2NWI3MTI2Y2M2ZDlmMmU1NDMzZWI5YjRjZTRiNTcyZjqABJUNAAAAAAAAAH2UjARjYXJ0lH2Ucy4=	2019-03-15 12:15:07.07784+03
0n9hiqpbp1wa9muxxdbmufpi4k48gaot	ZjUzMzNhNzM2NWI3MTI2Y2M2ZDlmMmU1NDMzZWI5YjRjZTRiNTcyZjqABJUNAAAAAAAAAH2UjARjYXJ0lH2Ucy4=	2019-03-15 13:16:29.465119+03
e2mtyl4ccv4rbynl7qqfi43f58us9jt7	ZjUzMzNhNzM2NWI3MTI2Y2M2ZDlmMmU1NDMzZWI5YjRjZTRiNTcyZjqABJUNAAAAAAAAAH2UjARjYXJ0lH2Ucy4=	2019-03-15 13:41:05.008152+03
r8tqaftykm2dj0jh5lvd6fggnuol4uh7	ZjUzMzNhNzM2NWI3MTI2Y2M2ZDlmMmU1NDMzZWI5YjRjZTRiNTcyZjqABJUNAAAAAAAAAH2UjARjYXJ0lH2Ucy4=	2019-03-15 14:34:05.202118+03
hkv46rpvmwl73clxr21g470s2xn4xjz9	ZjUzMzNhNzM2NWI3MTI2Y2M2ZDlmMmU1NDMzZWI5YjRjZTRiNTcyZjqABJUNAAAAAAAAAH2UjARjYXJ0lH2Ucy4=	2019-03-15 14:36:39.510133+03
1f2hbhxiami6rhmchdj6k70x81h7a38a	ZjUzMzNhNzM2NWI3MTI2Y2M2ZDlmMmU1NDMzZWI5YjRjZTRiNTcyZjqABJUNAAAAAAAAAH2UjARjYXJ0lH2Ucy4=	2019-03-15 14:56:43.176195+03
24ca9d1hxur2bjtb6zhbdgu9jfnzskv5	ZjUzMzNhNzM2NWI3MTI2Y2M2ZDlmMmU1NDMzZWI5YjRjZTRiNTcyZjqABJUNAAAAAAAAAH2UjARjYXJ0lH2Ucy4=	2019-03-15 15:44:34.414272+03
zl6g9pywmff56id088wrwygxw1tvdcl3	ZjUzMzNhNzM2NWI3MTI2Y2M2ZDlmMmU1NDMzZWI5YjRjZTRiNTcyZjqABJUNAAAAAAAAAH2UjARjYXJ0lH2Ucy4=	2019-03-15 17:23:51.862536+03
0y3e7fiskxgl7gfj502gier21pkp82x3	ZjUzMzNhNzM2NWI3MTI2Y2M2ZDlmMmU1NDMzZWI5YjRjZTRiNTcyZjqABJUNAAAAAAAAAH2UjARjYXJ0lH2Ucy4=	2019-03-15 17:30:20.323916+03
q72rhsrbvwz96zbpiysz9viuwgv79vi5	ZjUzMzNhNzM2NWI3MTI2Y2M2ZDlmMmU1NDMzZWI5YjRjZTRiNTcyZjqABJUNAAAAAAAAAH2UjARjYXJ0lH2Ucy4=	2019-03-15 17:39:41.48528+03
1of0cwltt6jazlbqrwn79p3956987g9k	ZjUzMzNhNzM2NWI3MTI2Y2M2ZDlmMmU1NDMzZWI5YjRjZTRiNTcyZjqABJUNAAAAAAAAAH2UjARjYXJ0lH2Ucy4=	2019-03-15 17:42:48.489511+03
dilqidmpa0scs0gs45tzlqejlochgj62	ZjUzMzNhNzM2NWI3MTI2Y2M2ZDlmMmU1NDMzZWI5YjRjZTRiNTcyZjqABJUNAAAAAAAAAH2UjARjYXJ0lH2Ucy4=	2019-03-15 18:16:04.684009+03
fde7xw8vvovyx1qnq1ljrjqlaxsqlpo1	ZjUzMzNhNzM2NWI3MTI2Y2M2ZDlmMmU1NDMzZWI5YjRjZTRiNTcyZjqABJUNAAAAAAAAAH2UjARjYXJ0lH2Ucy4=	2019-03-15 18:31:35.989094+03
uk4s34radjq9ayea7g41upwnnlq0g5s8	ZjUzMzNhNzM2NWI3MTI2Y2M2ZDlmMmU1NDMzZWI5YjRjZTRiNTcyZjqABJUNAAAAAAAAAH2UjARjYXJ0lH2Ucy4=	2019-03-15 18:45:33.568603+03
u0w9rmiqdcjccfpelafmhs09tyud1u0s	ZjUzMzNhNzM2NWI3MTI2Y2M2ZDlmMmU1NDMzZWI5YjRjZTRiNTcyZjqABJUNAAAAAAAAAH2UjARjYXJ0lH2Ucy4=	2019-03-15 18:51:46.404093+03
07s0e240bgpkyy2rzxz6jpjjxdk5dhcm	ZjUzMzNhNzM2NWI3MTI2Y2M2ZDlmMmU1NDMzZWI5YjRjZTRiNTcyZjqABJUNAAAAAAAAAH2UjARjYXJ0lH2Ucy4=	2019-03-15 20:01:55.867191+03
87gaef0zc900ordaaljckguvw5iihegd	ZjUzMzNhNzM2NWI3MTI2Y2M2ZDlmMmU1NDMzZWI5YjRjZTRiNTcyZjqABJUNAAAAAAAAAH2UjARjYXJ0lH2Ucy4=	2019-03-15 20:02:24.023877+03
7q5irdmv8vz2asd8dzo2q0tahoobwkbk	ZjUzMzNhNzM2NWI3MTI2Y2M2ZDlmMmU1NDMzZWI5YjRjZTRiNTcyZjqABJUNAAAAAAAAAH2UjARjYXJ0lH2Ucy4=	2019-03-15 20:38:31.03768+03
3eld0yvbr00hc8qc1o55jgab5ud12o67	ZjUzMzNhNzM2NWI3MTI2Y2M2ZDlmMmU1NDMzZWI5YjRjZTRiNTcyZjqABJUNAAAAAAAAAH2UjARjYXJ0lH2Ucy4=	2019-03-15 20:55:48.970746+03
sfyiarnpcc1e4irq8e3v4v7vbde41yso	ZjUzMzNhNzM2NWI3MTI2Y2M2ZDlmMmU1NDMzZWI5YjRjZTRiNTcyZjqABJUNAAAAAAAAAH2UjARjYXJ0lH2Ucy4=	2019-03-15 20:56:01.026208+03
jjzj7nwcnp1wtyxlgabuj1u1o2a9t7p0	ZjUzMzNhNzM2NWI3MTI2Y2M2ZDlmMmU1NDMzZWI5YjRjZTRiNTcyZjqABJUNAAAAAAAAAH2UjARjYXJ0lH2Ucy4=	2019-03-15 20:56:13.122367+03
teocs8qm3ix2z1m4f2vvtviucb9k7dyi	ZjUzMzNhNzM2NWI3MTI2Y2M2ZDlmMmU1NDMzZWI5YjRjZTRiNTcyZjqABJUNAAAAAAAAAH2UjARjYXJ0lH2Ucy4=	2019-03-15 20:56:25.358619+03
7rytxfhaqfg7p32ssiwe083vhp5ktloi	ZjUzMzNhNzM2NWI3MTI2Y2M2ZDlmMmU1NDMzZWI5YjRjZTRiNTcyZjqABJUNAAAAAAAAAH2UjARjYXJ0lH2Ucy4=	2019-03-15 20:56:37.726777+03
4iwvuf4z75fohovtcluhap1zkjomzcjd	ZjUzMzNhNzM2NWI3MTI2Y2M2ZDlmMmU1NDMzZWI5YjRjZTRiNTcyZjqABJUNAAAAAAAAAH2UjARjYXJ0lH2Ucy4=	2019-03-15 20:56:50.615416+03
ysrskh8k5eaeywxl82q3639hb3oide2j	ZjUzMzNhNzM2NWI3MTI2Y2M2ZDlmMmU1NDMzZWI5YjRjZTRiNTcyZjqABJUNAAAAAAAAAH2UjARjYXJ0lH2Ucy4=	2019-03-15 20:57:05.166028+03
53nm4byaxtj2comv33qnrpf47j8b9i1g	ZjUzMzNhNzM2NWI3MTI2Y2M2ZDlmMmU1NDMzZWI5YjRjZTRiNTcyZjqABJUNAAAAAAAAAH2UjARjYXJ0lH2Ucy4=	2019-03-15 21:08:03.222874+03
e4pl8izahxko5qngelkc3x115f6hbezv	ZjUzMzNhNzM2NWI3MTI2Y2M2ZDlmMmU1NDMzZWI5YjRjZTRiNTcyZjqABJUNAAAAAAAAAH2UjARjYXJ0lH2Ucy4=	2019-03-15 21:32:02.831794+03
zz2s8sstpy6mnm1phrf6apnewg33sy42	ZjUzMzNhNzM2NWI3MTI2Y2M2ZDlmMmU1NDMzZWI5YjRjZTRiNTcyZjqABJUNAAAAAAAAAH2UjARjYXJ0lH2Ucy4=	2019-03-15 22:10:39.495102+03
fym764am5oenmukvsmaip190xijhxn47	ZjUzMzNhNzM2NWI3MTI2Y2M2ZDlmMmU1NDMzZWI5YjRjZTRiNTcyZjqABJUNAAAAAAAAAH2UjARjYXJ0lH2Ucy4=	2019-03-15 22:17:42.642246+03
57a61dtz0jy47npfvoifnarajui9jish	ZjUzMzNhNzM2NWI3MTI2Y2M2ZDlmMmU1NDMzZWI5YjRjZTRiNTcyZjqABJUNAAAAAAAAAH2UjARjYXJ0lH2Ucy4=	2019-03-15 22:18:45.893146+03
qla04kxvvu8hztpzzycfg3p5l4bsukfw	ZjUzMzNhNzM2NWI3MTI2Y2M2ZDlmMmU1NDMzZWI5YjRjZTRiNTcyZjqABJUNAAAAAAAAAH2UjARjYXJ0lH2Ucy4=	2019-03-15 22:41:35.674126+03
ctuvk4a4t2ikld885n05ntb49n9taa2n	ZjUzMzNhNzM2NWI3MTI2Y2M2ZDlmMmU1NDMzZWI5YjRjZTRiNTcyZjqABJUNAAAAAAAAAH2UjARjYXJ0lH2Ucy4=	2019-03-15 23:04:01.937855+03
9cz926k4dxgv9xtebyx9yomral72y3mu	ZjUzMzNhNzM2NWI3MTI2Y2M2ZDlmMmU1NDMzZWI5YjRjZTRiNTcyZjqABJUNAAAAAAAAAH2UjARjYXJ0lH2Ucy4=	2019-03-15 23:04:20.365257+03
bzsqtiszkr8re6t33bbxrgadsbasklhx	ZjUzMzNhNzM2NWI3MTI2Y2M2ZDlmMmU1NDMzZWI5YjRjZTRiNTcyZjqABJUNAAAAAAAAAH2UjARjYXJ0lH2Ucy4=	2019-03-15 23:26:41.909452+03
ldrk3m05kfvfrmeecu4y8rk04eccs2lb	ZjUzMzNhNzM2NWI3MTI2Y2M2ZDlmMmU1NDMzZWI5YjRjZTRiNTcyZjqABJUNAAAAAAAAAH2UjARjYXJ0lH2Ucy4=	2019-03-15 23:27:29.2544+03
64o8b50gskrk0ffcqzv9cntqatys9iiq	ZjUzMzNhNzM2NWI3MTI2Y2M2ZDlmMmU1NDMzZWI5YjRjZTRiNTcyZjqABJUNAAAAAAAAAH2UjARjYXJ0lH2Ucy4=	2019-03-15 23:49:02.290144+03
cqyove6o1c56dciyan9megnvfpssk73r	ZjUzMzNhNzM2NWI3MTI2Y2M2ZDlmMmU1NDMzZWI5YjRjZTRiNTcyZjqABJUNAAAAAAAAAH2UjARjYXJ0lH2Ucy4=	2019-03-16 00:12:58.634343+03
kedacs3kz000lvogy0a8rd9ovw1w8jlv	ZjUzMzNhNzM2NWI3MTI2Y2M2ZDlmMmU1NDMzZWI5YjRjZTRiNTcyZjqABJUNAAAAAAAAAH2UjARjYXJ0lH2Ucy4=	2019-03-16 00:16:24.662154+03
fcxfwir904polhssocv95ebevuebul8a	ZjUzMzNhNzM2NWI3MTI2Y2M2ZDlmMmU1NDMzZWI5YjRjZTRiNTcyZjqABJUNAAAAAAAAAH2UjARjYXJ0lH2Ucy4=	2019-03-16 00:26:08.959373+03
d98hwgqqx01ngk0oecvc0arx2jboac47	ZjUzMzNhNzM2NWI3MTI2Y2M2ZDlmMmU1NDMzZWI5YjRjZTRiNTcyZjqABJUNAAAAAAAAAH2UjARjYXJ0lH2Ucy4=	2019-03-16 01:23:59.824104+03
nsnq9p1lqakwz4p86zwqb3u8xegnuucb	ZjUzMzNhNzM2NWI3MTI2Y2M2ZDlmMmU1NDMzZWI5YjRjZTRiNTcyZjqABJUNAAAAAAAAAH2UjARjYXJ0lH2Ucy4=	2019-03-16 02:22:58.599925+03
qxqy5fpnbtcyao4odzskkeanwl7izqn7	ZjUzMzNhNzM2NWI3MTI2Y2M2ZDlmMmU1NDMzZWI5YjRjZTRiNTcyZjqABJUNAAAAAAAAAH2UjARjYXJ0lH2Ucy4=	2019-03-16 02:26:28.848168+03
0ygxw0veafuk97hv4bl2hl1iw9n76pob	ZjUzMzNhNzM2NWI3MTI2Y2M2ZDlmMmU1NDMzZWI5YjRjZTRiNTcyZjqABJUNAAAAAAAAAH2UjARjYXJ0lH2Ucy4=	2019-03-16 03:23:32.292254+03
8hy0w8rxkslhrysw3oh8qoyn59x4kwnq	ZjUzMzNhNzM2NWI3MTI2Y2M2ZDlmMmU1NDMzZWI5YjRjZTRiNTcyZjqABJUNAAAAAAAAAH2UjARjYXJ0lH2Ucy4=	2019-03-16 03:38:15.806514+03
1cmv8js0j5k8ghe5yqelot6u3juxizv4	ZjUzMzNhNzM2NWI3MTI2Y2M2ZDlmMmU1NDMzZWI5YjRjZTRiNTcyZjqABJUNAAAAAAAAAH2UjARjYXJ0lH2Ucy4=	2019-03-16 04:03:28.115319+03
c8nhe3ba8u4yl0syxtjqxnz6d8hojvvo	ZjUzMzNhNzM2NWI3MTI2Y2M2ZDlmMmU1NDMzZWI5YjRjZTRiNTcyZjqABJUNAAAAAAAAAH2UjARjYXJ0lH2Ucy4=	2019-03-16 05:36:52.623971+03
ocaf2imfesffp5djkef3ucbujrk889g1	ZjUzMzNhNzM2NWI3MTI2Y2M2ZDlmMmU1NDMzZWI5YjRjZTRiNTcyZjqABJUNAAAAAAAAAH2UjARjYXJ0lH2Ucy4=	2019-03-16 06:46:23.485265+03
un9puxp3xjj4qu6lgqnfvunlnt1h0uw3	ZjUzMzNhNzM2NWI3MTI2Y2M2ZDlmMmU1NDMzZWI5YjRjZTRiNTcyZjqABJUNAAAAAAAAAH2UjARjYXJ0lH2Ucy4=	2019-03-16 07:58:35.937261+03
tqep5y1xsat1ayquyl4mw7mbsjgsbe1m	ZjUzMzNhNzM2NWI3MTI2Y2M2ZDlmMmU1NDMzZWI5YjRjZTRiNTcyZjqABJUNAAAAAAAAAH2UjARjYXJ0lH2Ucy4=	2019-03-16 08:51:49.931056+03
1ysmbakrtsjf9syfcryvytx0pggbwftu	ZjUzMzNhNzM2NWI3MTI2Y2M2ZDlmMmU1NDMzZWI5YjRjZTRiNTcyZjqABJUNAAAAAAAAAH2UjARjYXJ0lH2Ucy4=	2019-03-16 09:13:56.492871+03
t0jcbkl1oq2sejp4d3mzyd58su9wgqns	ZjUzMzNhNzM2NWI3MTI2Y2M2ZDlmMmU1NDMzZWI5YjRjZTRiNTcyZjqABJUNAAAAAAAAAH2UjARjYXJ0lH2Ucy4=	2019-03-16 09:33:23.666385+03
yyh8f4a3xsvqpz21vo1v225xtipxv2cp	ZjUzMzNhNzM2NWI3MTI2Y2M2ZDlmMmU1NDMzZWI5YjRjZTRiNTcyZjqABJUNAAAAAAAAAH2UjARjYXJ0lH2Ucy4=	2019-03-16 10:04:56.426442+03
jp7aeck02hkjx5ljp69eq924jnt325td	ZjUzMzNhNzM2NWI3MTI2Y2M2ZDlmMmU1NDMzZWI5YjRjZTRiNTcyZjqABJUNAAAAAAAAAH2UjARjYXJ0lH2Ucy4=	2019-03-16 10:39:41.685787+03
qkzu3vkm98y5sk5zls2uwa5yp3j0jhai	ZjUzMzNhNzM2NWI3MTI2Y2M2ZDlmMmU1NDMzZWI5YjRjZTRiNTcyZjqABJUNAAAAAAAAAH2UjARjYXJ0lH2Ucy4=	2019-03-16 10:57:04.282375+03
m3anihk300fsjx7mz8iyx9ybcai78ct2	ZjUzMzNhNzM2NWI3MTI2Y2M2ZDlmMmU1NDMzZWI5YjRjZTRiNTcyZjqABJUNAAAAAAAAAH2UjARjYXJ0lH2Ucy4=	2019-03-16 10:57:05.035632+03
4ufwwviwceqgjhey5oai6adkoiqn4mox	ZjUzMzNhNzM2NWI3MTI2Y2M2ZDlmMmU1NDMzZWI5YjRjZTRiNTcyZjqABJUNAAAAAAAAAH2UjARjYXJ0lH2Ucy4=	2019-03-16 10:57:05.947872+03
z7zipdc7eh345u6jaqrfukt2xf9zvcdc	ZjUzMzNhNzM2NWI3MTI2Y2M2ZDlmMmU1NDMzZWI5YjRjZTRiNTcyZjqABJUNAAAAAAAAAH2UjARjYXJ0lH2Ucy4=	2019-03-16 10:58:04.75483+03
w1poz9v8vhyov2rr1k3dx0zdl1zdj3ks	ZjUzMzNhNzM2NWI3MTI2Y2M2ZDlmMmU1NDMzZWI5YjRjZTRiNTcyZjqABJUNAAAAAAAAAH2UjARjYXJ0lH2Ucy4=	2019-03-16 23:33:01.99642+03
xtuf7sfva7uxcojle1fkofp07y91slpl	ZjUzMzNhNzM2NWI3MTI2Y2M2ZDlmMmU1NDMzZWI5YjRjZTRiNTcyZjqABJUNAAAAAAAAAH2UjARjYXJ0lH2Ucy4=	2019-03-17 00:05:23.237536+03
pp99hxa1ntxu5bkd2536qtyhothvf8og	ZjUzMzNhNzM2NWI3MTI2Y2M2ZDlmMmU1NDMzZWI5YjRjZTRiNTcyZjqABJUNAAAAAAAAAH2UjARjYXJ0lH2Ucy4=	2019-03-17 00:50:36.396818+03
op9naor11m0260cz03hn8ya3qgjrqn93	ZjUzMzNhNzM2NWI3MTI2Y2M2ZDlmMmU1NDMzZWI5YjRjZTRiNTcyZjqABJUNAAAAAAAAAH2UjARjYXJ0lH2Ucy4=	2019-03-17 01:29:32.565627+03
ruib3e554r4cfpoam4xnbbou9ll7p59w	ZjUzMzNhNzM2NWI3MTI2Y2M2ZDlmMmU1NDMzZWI5YjRjZTRiNTcyZjqABJUNAAAAAAAAAH2UjARjYXJ0lH2Ucy4=	2019-03-17 02:03:15.493462+03
0p94i9dxahf6wluukivfapv05qmrcxbf	ZjUzMzNhNzM2NWI3MTI2Y2M2ZDlmMmU1NDMzZWI5YjRjZTRiNTcyZjqABJUNAAAAAAAAAH2UjARjYXJ0lH2Ucy4=	2019-03-17 03:28:06.16118+03
87lbywo2si7f0qwa40vpl5kz1doutklm	ZjUzMzNhNzM2NWI3MTI2Y2M2ZDlmMmU1NDMzZWI5YjRjZTRiNTcyZjqABJUNAAAAAAAAAH2UjARjYXJ0lH2Ucy4=	2019-03-17 03:28:13.978784+03
19xmtko659zh3geolw469e8ji3js54wf	ZjUzMzNhNzM2NWI3MTI2Y2M2ZDlmMmU1NDMzZWI5YjRjZTRiNTcyZjqABJUNAAAAAAAAAH2UjARjYXJ0lH2Ucy4=	2019-03-17 03:29:01.461281+03
91m5475yi9otep9dbjoour1trq2c56c3	ZjUzMzNhNzM2NWI3MTI2Y2M2ZDlmMmU1NDMzZWI5YjRjZTRiNTcyZjqABJUNAAAAAAAAAH2UjARjYXJ0lH2Ucy4=	2019-03-17 03:31:02.762934+03
685czb5r17fwtnwxym4xvnhmh1hklxzv	ZjUzMzNhNzM2NWI3MTI2Y2M2ZDlmMmU1NDMzZWI5YjRjZTRiNTcyZjqABJUNAAAAAAAAAH2UjARjYXJ0lH2Ucy4=	2019-03-17 03:32:29.770281+03
qkwx22wtj4r3cxnmo8ki2lvw7pvusuqa	ZjUzMzNhNzM2NWI3MTI2Y2M2ZDlmMmU1NDMzZWI5YjRjZTRiNTcyZjqABJUNAAAAAAAAAH2UjARjYXJ0lH2Ucy4=	2019-03-17 03:48:00.307585+03
x8py17eo1clz8rswsl5xhdv623zqden9	ZjUzMzNhNzM2NWI3MTI2Y2M2ZDlmMmU1NDMzZWI5YjRjZTRiNTcyZjqABJUNAAAAAAAAAH2UjARjYXJ0lH2Ucy4=	2019-03-22 12:50:43.493729+03
gdpppi9yhcasa5ul4t3kbeddg7tsad7s	ZjUzMzNhNzM2NWI3MTI2Y2M2ZDlmMmU1NDMzZWI5YjRjZTRiNTcyZjqABJUNAAAAAAAAAH2UjARjYXJ0lH2Ucy4=	2019-03-17 04:08:45.798241+03
8r4txoebtu9nmwhtsxqb422ggzdf0twr	ZjUzMzNhNzM2NWI3MTI2Y2M2ZDlmMmU1NDMzZWI5YjRjZTRiNTcyZjqABJUNAAAAAAAAAH2UjARjYXJ0lH2Ucy4=	2019-03-17 04:08:46.494213+03
z7wa49cshmgx8gvrii2rh1okadxqxcci	ZjUzMzNhNzM2NWI3MTI2Y2M2ZDlmMmU1NDMzZWI5YjRjZTRiNTcyZjqABJUNAAAAAAAAAH2UjARjYXJ0lH2Ucy4=	2019-03-17 04:43:44.229829+03
nsvakemxedjbe69dc12m9fb2k5zegfqp	ZjUzMzNhNzM2NWI3MTI2Y2M2ZDlmMmU1NDMzZWI5YjRjZTRiNTcyZjqABJUNAAAAAAAAAH2UjARjYXJ0lH2Ucy4=	2019-03-17 05:11:20.802709+03
6vja6me7pdxmeix5fwu1vhz81ivl3gab	ZjUzMzNhNzM2NWI3MTI2Y2M2ZDlmMmU1NDMzZWI5YjRjZTRiNTcyZjqABJUNAAAAAAAAAH2UjARjYXJ0lH2Ucy4=	2019-03-17 05:25:56.693345+03
dq7044d3zxll9ee8dkw06q7x2vfze4oz	ZjUzMzNhNzM2NWI3MTI2Y2M2ZDlmMmU1NDMzZWI5YjRjZTRiNTcyZjqABJUNAAAAAAAAAH2UjARjYXJ0lH2Ucy4=	2019-03-17 06:17:48.104125+03
o60499qef3dmzrfhu8cn09mtb1i0de19	ZjUzMzNhNzM2NWI3MTI2Y2M2ZDlmMmU1NDMzZWI5YjRjZTRiNTcyZjqABJUNAAAAAAAAAH2UjARjYXJ0lH2Ucy4=	2019-03-17 06:33:05.458523+03
5kyqxlg72cbmlcc6pjp0pdolervbrfh0	ZjUzMzNhNzM2NWI3MTI2Y2M2ZDlmMmU1NDMzZWI5YjRjZTRiNTcyZjqABJUNAAAAAAAAAH2UjARjYXJ0lH2Ucy4=	2019-03-17 06:47:11.604977+03
rj13qe002oyxol5mdesowemxxmceh70u	ZjUzMzNhNzM2NWI3MTI2Y2M2ZDlmMmU1NDMzZWI5YjRjZTRiNTcyZjqABJUNAAAAAAAAAH2UjARjYXJ0lH2Ucy4=	2019-03-17 07:26:58.500087+03
oyfbtj1iumpv2gv2lm56wi5lngncbdgb	ZjUzMzNhNzM2NWI3MTI2Y2M2ZDlmMmU1NDMzZWI5YjRjZTRiNTcyZjqABJUNAAAAAAAAAH2UjARjYXJ0lH2Ucy4=	2019-03-17 07:58:28.567749+03
mkt0bnzt32q1zp86uu825xirftmah69o	ZjUzMzNhNzM2NWI3MTI2Y2M2ZDlmMmU1NDMzZWI5YjRjZTRiNTcyZjqABJUNAAAAAAAAAH2UjARjYXJ0lH2Ucy4=	2019-03-17 09:14:22.938985+03
0mh7k4eb0w8j4v7f0or9ujxopznlozsa	ZjUzMzNhNzM2NWI3MTI2Y2M2ZDlmMmU1NDMzZWI5YjRjZTRiNTcyZjqABJUNAAAAAAAAAH2UjARjYXJ0lH2Ucy4=	2019-03-17 09:20:11.193047+03
u6zz0s4x8c1nfim1w253idsu5k9xed4j	ZjUzMzNhNzM2NWI3MTI2Y2M2ZDlmMmU1NDMzZWI5YjRjZTRiNTcyZjqABJUNAAAAAAAAAH2UjARjYXJ0lH2Ucy4=	2019-03-17 09:41:28.761667+03
wdrzv2adyqaqpoqjer96aa09iqkzwe9x	ZjUzMzNhNzM2NWI3MTI2Y2M2ZDlmMmU1NDMzZWI5YjRjZTRiNTcyZjqABJUNAAAAAAAAAH2UjARjYXJ0lH2Ucy4=	2019-03-17 10:01:19.048817+03
53oleorv3y0mklxy4sblkv6mk0nf9cuq	ZjUzMzNhNzM2NWI3MTI2Y2M2ZDlmMmU1NDMzZWI5YjRjZTRiNTcyZjqABJUNAAAAAAAAAH2UjARjYXJ0lH2Ucy4=	2019-03-17 10:53:28.9465+03
x6dyaftyjsukcgr4toywixorzqbhsjhs	ZjUzMzNhNzM2NWI3MTI2Y2M2ZDlmMmU1NDMzZWI5YjRjZTRiNTcyZjqABJUNAAAAAAAAAH2UjARjYXJ0lH2Ucy4=	2019-03-17 12:02:39.391966+03
h33fjn0ddk1wr0jb6untty4bh8wlncjv	ZjUzMzNhNzM2NWI3MTI2Y2M2ZDlmMmU1NDMzZWI5YjRjZTRiNTcyZjqABJUNAAAAAAAAAH2UjARjYXJ0lH2Ucy4=	2019-03-17 12:07:17.34151+03
ijdmqmqqrbiutt16r60u3ymxfeau28v7	ZjUzMzNhNzM2NWI3MTI2Y2M2ZDlmMmU1NDMzZWI5YjRjZTRiNTcyZjqABJUNAAAAAAAAAH2UjARjYXJ0lH2Ucy4=	2019-03-17 12:20:42.390632+03
sv76vxmcie8nx0uuwqa5c2poq0zqf1pf	ZjUzMzNhNzM2NWI3MTI2Y2M2ZDlmMmU1NDMzZWI5YjRjZTRiNTcyZjqABJUNAAAAAAAAAH2UjARjYXJ0lH2Ucy4=	2019-03-17 13:13:13.768131+03
8fcu15soobhk2wewpt4zqzgerttnrxf1	ZjUzMzNhNzM2NWI3MTI2Y2M2ZDlmMmU1NDMzZWI5YjRjZTRiNTcyZjqABJUNAAAAAAAAAH2UjARjYXJ0lH2Ucy4=	2019-03-17 13:13:43.622954+03
rabsshd6ugrm0ljrkuiqsvmkb6ekpcqa	YzFiODA4NzBlMWVlNDFmNTQzNmVlN2U3YTM2MDFmZTUwZDkzNWY0OTqABJVlBgAAAAAAAH2UKIwNX2F1dGhfdXNlcl9pZJSMATGUjBJfYXV0aF91c2VyX2JhY2tlbmSUjClkamFuZ28uY29udHJpYi5hdXRoLmJhY2tlbmRzLk1vZGVsQmFja2VuZJSMBGNhcnSUfZQojAE1lH2UKIwIcXVhbnRpdHmUSwGMC3RvdGFsX3ByaWNllIwHZGVjaW1hbJSMB0RlY2ltYWyUk5SMBjExNC4wMJSFlFKUjAVwcmljZZRoDYwGMTE0LjAwlIWUUpSMB3Byb2R1Y3SUjBVkamFuZ28uZGIubW9kZWxzLmJhc2WUjA5tb2RlbF91bnBpY2tsZZSTlIwLcHJvZHVjdHNhcHCUjAdQcm9kdWN0lIaUhZRSlH2UKIwGd2VpZ2h0lE6MDWNvbGxlY3Rpb25faWSUSwGMBGhpdHOUSwCMBl9zdGF0ZZRoFowKTW9kZWxTdGF0ZZSTlCmBlH2UKIwCZGKUjAdkZWZhdWx0lIwGYWRkaW5nlImMDGZpZWxkc19jYWNoZZR9lIwIY2F0ZWdvcnmUaBhoGYwPUHJvZHVjdENhdGVnb3J5lIaUhZRSlH2UKIwCaWSUSwFoImgkKYGUfZQoaCdoKGgpiXVijARzbHVnlIwVa2VyYW1pY2hlc2theWEtcGxpdGthlIwEbmFtZZSMJdCa0LXRgNCw0LzQuNGH0LXRgdC60LDRjyDQv9C70LjRgtC60LCUjA9fZGphbmdvX3ZlcnNpb26UjAUyLjEuNZR1YnN1YowHYXJ0aWNsZZSMBTc2NTQ2lGgySwWMCWF2YWlsYWJsZZSIjAtkZXNjcmlwdGlvbpSMAJSMBGFyZWGUaA2MBDAuMDSUhZRSlIwFcHJpY2WUaA2MBjExNC4wMJSFlFKUjA9jb3Btb3NpdGlvbnNfaWSUSwOMCnN1cmZhY2VfaWSUSwGMC2NhdGVnb3J5X2lklEsBaDeMI0xpc2EgWm9jYWxvIExpc2EgQXViZXJnaW5lIDE10YUyNS4zlIwIY29sb3JfaWSUSwKMB25vdmlua2GUiIwEc2FsZZSIjAVpbWFnZZSMHWRqYW5nby5kYi5tb2RlbHMuZmllbGRzLmZpbGVzlIwOSW1hZ2VGaWVsZEZpbGWUk5QpgZR9lCiMBV9maWxllE5oN4wtcHJvZHVjdHMvOWRmYTk4ZGNlZmE5ZThmMTEzMjllODA0MGRhOWQxMWQuanBnlIwGY2xvc2VklImMCl9jb21taXR0ZWSUiHVijAVzdG9ja5RLAWg1jCFsaXNhLXpvY2Fsby1saXNhLWF1YmVyZ2luZS0xNWgyNTOUjAZoZWlnaHSUaA2MBTI1LjMwlIWUUpSMC2NvbF9pbl91cGFjlEsBjAV3aWR0aJRoDYwFMTUuMDCUhZRSlGg5jAUyLjEuNZR1YnWMATiUfZQojAhxdWFudGl0eZRN6QOMC3RvdGFsX3ByaWNllGgNjAg0NjA0Ni4wMJSFlFKUjAVwcmljZZRoDYwFNDYuMDCUhZRSlIwHcHJvZHVjdJRoGGgZaBqGlIWUUpR9lChoH05oIEsBaCFLAGgiaCQpgZR9lChoJ2goaCmJaCp9lGgsaBhoGWgthpSFlFKUfZQoaDJLAWgiaCQpgZR9lChoJ2goaCmJdWJoNYwVa2VyYW1pY2hlc2theWEtcGxpdGthlGg3jCXQmtC10YDQsNC80LjRh9C10YHQutCw0Y8g0L/Qu9C40YLQutCwlGg5jAUyLjEuNZR1YnN1Ymg7jAU1NDQ0M5RoMksIaD2IaD5oP2hAaA2MBDAuMDGUhZRSlGhEaA2MBTQ2LjAwlIWUUpRoSEsEaElLAWhKSwFoN4weTGlzYSBUYWNvIExpc2EgV2hpdGUgOCw1INGFIDE3lGhMSwFoTYhoTohoT2hSKYGUfZQoaFVOaDeMLXByb2R1Y3RzL2RhMmU5ZTk0MjEyNzQwOTc5NzNjNDQ4YzlkYjhkYTg5LmpwZ5RoV4loWIh1YmhZSwFoNYwcbGlzYS10YWNvLWxpc2Etd2hpdGUtODUtaC0xN5RoW2gNjAUxNy4wMJSFlFKUaF9LAWhgaA2MBDguNTCUhZRSlGg5jAUyLjEuNZR1YnV1jA9fYXV0aF91c2VyX2hhc2iUjCgwM2M4ODlhOWZhOGY4NzFmMTQ0OTJlZDMyYjExY2MxYWM0ZjZkMDc4lHUu	2019-03-20 00:48:32.714437+03
4d7gymriv09njyb0q0hy0mlz8q5bblpt	ZjUzMzNhNzM2NWI3MTI2Y2M2ZDlmMmU1NDMzZWI5YjRjZTRiNTcyZjqABJUNAAAAAAAAAH2UjARjYXJ0lH2Ucy4=	2019-03-17 13:19:45.539697+03
lzv5guqk24de3tpheml1hz9etwtmsrit	ZjUzMzNhNzM2NWI3MTI2Y2M2ZDlmMmU1NDMzZWI5YjRjZTRiNTcyZjqABJUNAAAAAAAAAH2UjARjYXJ0lH2Ucy4=	2019-03-17 13:24:42.153974+03
fcsy2988dn6669hqf7tup0jww4oj1sz4	ZjUzMzNhNzM2NWI3MTI2Y2M2ZDlmMmU1NDMzZWI5YjRjZTRiNTcyZjqABJUNAAAAAAAAAH2UjARjYXJ0lH2Ucy4=	2019-03-17 13:24:45.993672+03
plbft4cm9hfn3iklh0fu4635ncfmwkoq	ZjUzMzNhNzM2NWI3MTI2Y2M2ZDlmMmU1NDMzZWI5YjRjZTRiNTcyZjqABJUNAAAAAAAAAH2UjARjYXJ0lH2Ucy4=	2019-03-17 14:01:54.161675+03
vgrtt0rzctmzcaoe2gjngfpcnxvp3hah	ZjUzMzNhNzM2NWI3MTI2Y2M2ZDlmMmU1NDMzZWI5YjRjZTRiNTcyZjqABJUNAAAAAAAAAH2UjARjYXJ0lH2Ucy4=	2019-03-17 14:12:20.149549+03
utp48dvw16a614xzgswrfegkc8cnthwh	ZjUzMzNhNzM2NWI3MTI2Y2M2ZDlmMmU1NDMzZWI5YjRjZTRiNTcyZjqABJUNAAAAAAAAAH2UjARjYXJ0lH2Ucy4=	2019-03-17 15:04:53.388501+03
dfjg2n6mc9kpp4uw64idgwk1rkmneamt	ZjUzMzNhNzM2NWI3MTI2Y2M2ZDlmMmU1NDMzZWI5YjRjZTRiNTcyZjqABJUNAAAAAAAAAH2UjARjYXJ0lH2Ucy4=	2019-03-17 15:22:03.080603+03
tkln5acfqmqn6e1cydg7dz7ampy22soc	ZjUzMzNhNzM2NWI3MTI2Y2M2ZDlmMmU1NDMzZWI5YjRjZTRiNTcyZjqABJUNAAAAAAAAAH2UjARjYXJ0lH2Ucy4=	2019-03-17 15:42:06.664352+03
416o266jshc82beizp7ncamf9ghtav9f	ZjUzMzNhNzM2NWI3MTI2Y2M2ZDlmMmU1NDMzZWI5YjRjZTRiNTcyZjqABJUNAAAAAAAAAH2UjARjYXJ0lH2Ucy4=	2019-03-17 15:42:11.044563+03
kk1w71qf7nzc7rbl9f9wv50yj5jk3hhd	ZjUzMzNhNzM2NWI3MTI2Y2M2ZDlmMmU1NDMzZWI5YjRjZTRiNTcyZjqABJUNAAAAAAAAAH2UjARjYXJ0lH2Ucy4=	2019-03-17 15:42:12.572003+03
xif3lkerf8jay3z7l1wgdj4yzrxcjna0	ZjUzMzNhNzM2NWI3MTI2Y2M2ZDlmMmU1NDMzZWI5YjRjZTRiNTcyZjqABJUNAAAAAAAAAH2UjARjYXJ0lH2Ucy4=	2019-03-17 15:42:14.511105+03
26mrud8ksjc12xdj6rsyqgcmblh2nsr6	ZjUzMzNhNzM2NWI3MTI2Y2M2ZDlmMmU1NDMzZWI5YjRjZTRiNTcyZjqABJUNAAAAAAAAAH2UjARjYXJ0lH2Ucy4=	2019-03-17 15:42:36.743959+03
zdofbn1eqxmz1q51sjkx89rrpxuzn12m	ZjUzMzNhNzM2NWI3MTI2Y2M2ZDlmMmU1NDMzZWI5YjRjZTRiNTcyZjqABJUNAAAAAAAAAH2UjARjYXJ0lH2Ucy4=	2019-03-17 17:54:46.223757+03
9g1xe14k68w7nx948irofuxbrvniw29e	ZjUzMzNhNzM2NWI3MTI2Y2M2ZDlmMmU1NDMzZWI5YjRjZTRiNTcyZjqABJUNAAAAAAAAAH2UjARjYXJ0lH2Ucy4=	2019-03-17 17:59:07.748109+03
z57ra7nabuwfaf1k48wbg02v57gk96p4	ZjUzMzNhNzM2NWI3MTI2Y2M2ZDlmMmU1NDMzZWI5YjRjZTRiNTcyZjqABJUNAAAAAAAAAH2UjARjYXJ0lH2Ucy4=	2019-03-17 18:17:48.221949+03
31b6mxuph1hw9z6bc70hxx42tdg9pb9h	ZjUzMzNhNzM2NWI3MTI2Y2M2ZDlmMmU1NDMzZWI5YjRjZTRiNTcyZjqABJUNAAAAAAAAAH2UjARjYXJ0lH2Ucy4=	2019-03-17 18:23:30.371393+03
a4k2vc3so5a7e2tcoyjxuwgwp7f561dp	ZjUzMzNhNzM2NWI3MTI2Y2M2ZDlmMmU1NDMzZWI5YjRjZTRiNTcyZjqABJUNAAAAAAAAAH2UjARjYXJ0lH2Ucy4=	2019-03-17 18:39:16.28001+03
bomnwiu6mcmaw7uj2tfg4tee3sdp6vyl	ZjUzMzNhNzM2NWI3MTI2Y2M2ZDlmMmU1NDMzZWI5YjRjZTRiNTcyZjqABJUNAAAAAAAAAH2UjARjYXJ0lH2Ucy4=	2019-03-17 19:08:39.317009+03
dniackszoejhj2busm5z9raksui4jdat	ZjUzMzNhNzM2NWI3MTI2Y2M2ZDlmMmU1NDMzZWI5YjRjZTRiNTcyZjqABJUNAAAAAAAAAH2UjARjYXJ0lH2Ucy4=	2019-03-17 22:23:53.039739+03
eodiw8qqe2e3vyybi2xvqxrcy2hxgex1	ZjUzMzNhNzM2NWI3MTI2Y2M2ZDlmMmU1NDMzZWI5YjRjZTRiNTcyZjqABJUNAAAAAAAAAH2UjARjYXJ0lH2Ucy4=	2019-03-17 22:47:19.226942+03
kit9fqlwxajv9iex6i3lqx710ekr7rzz	ZjUzMzNhNzM2NWI3MTI2Y2M2ZDlmMmU1NDMzZWI5YjRjZTRiNTcyZjqABJUNAAAAAAAAAH2UjARjYXJ0lH2Ucy4=	2019-03-17 23:12:34.897934+03
zifdp6nohmkaz7v5ys5zze8nzv4771sc	ZjUzMzNhNzM2NWI3MTI2Y2M2ZDlmMmU1NDMzZWI5YjRjZTRiNTcyZjqABJUNAAAAAAAAAH2UjARjYXJ0lH2Ucy4=	2019-03-17 23:34:43.8016+03
k6vuvx1dy7bj5wfbvdr2e1mu756k73j9	ZjUzMzNhNzM2NWI3MTI2Y2M2ZDlmMmU1NDMzZWI5YjRjZTRiNTcyZjqABJUNAAAAAAAAAH2UjARjYXJ0lH2Ucy4=	2019-03-17 23:40:20.566709+03
zns7dgqi6iwmo2drjemjymlf2iq9l2a6	ZjUzMzNhNzM2NWI3MTI2Y2M2ZDlmMmU1NDMzZWI5YjRjZTRiNTcyZjqABJUNAAAAAAAAAH2UjARjYXJ0lH2Ucy4=	2019-03-17 23:47:26.095552+03
cr9vtcspnojo9htek0mjcjurtpcq0mgy	ZjUzMzNhNzM2NWI3MTI2Y2M2ZDlmMmU1NDMzZWI5YjRjZTRiNTcyZjqABJUNAAAAAAAAAH2UjARjYXJ0lH2Ucy4=	2019-03-18 00:14:05.31457+03
u12biltckorb6s1txsenpipy13jgjp4e	ZjUzMzNhNzM2NWI3MTI2Y2M2ZDlmMmU1NDMzZWI5YjRjZTRiNTcyZjqABJUNAAAAAAAAAH2UjARjYXJ0lH2Ucy4=	2019-03-18 00:22:13.369181+03
9i5fnqww85f9hh2svvdqpboytxjrg9ia	ZjUzMzNhNzM2NWI3MTI2Y2M2ZDlmMmU1NDMzZWI5YjRjZTRiNTcyZjqABJUNAAAAAAAAAH2UjARjYXJ0lH2Ucy4=	2019-03-18 00:43:57.976286+03
dnk4wnx4bk1byw00q6epun4fva08jylg	ZjUzMzNhNzM2NWI3MTI2Y2M2ZDlmMmU1NDMzZWI5YjRjZTRiNTcyZjqABJUNAAAAAAAAAH2UjARjYXJ0lH2Ucy4=	2019-03-18 00:59:20.100418+03
083izfxdsfh65kvubxk4f553q5yyifk6	ZjUzMzNhNzM2NWI3MTI2Y2M2ZDlmMmU1NDMzZWI5YjRjZTRiNTcyZjqABJUNAAAAAAAAAH2UjARjYXJ0lH2Ucy4=	2019-03-18 01:08:32.067055+03
hzzc0srw2y1c6syn6h7p6futb5ho2b4e	ZjUzMzNhNzM2NWI3MTI2Y2M2ZDlmMmU1NDMzZWI5YjRjZTRiNTcyZjqABJUNAAAAAAAAAH2UjARjYXJ0lH2Ucy4=	2019-03-18 02:30:45.492142+03
kuhchukqo1u2t7idc2lhll4kpyh8rhdm	ZjUzMzNhNzM2NWI3MTI2Y2M2ZDlmMmU1NDMzZWI5YjRjZTRiNTcyZjqABJUNAAAAAAAAAH2UjARjYXJ0lH2Ucy4=	2019-03-18 02:31:04.595222+03
d61rfk0o43m3p0uz80na3w3qyqac5gvo	ZjUzMzNhNzM2NWI3MTI2Y2M2ZDlmMmU1NDMzZWI5YjRjZTRiNTcyZjqABJUNAAAAAAAAAH2UjARjYXJ0lH2Ucy4=	2019-03-18 03:13:24.230349+03
lop1u0iwume60bfthme3et2ipym3cxnp	ZjUzMzNhNzM2NWI3MTI2Y2M2ZDlmMmU1NDMzZWI5YjRjZTRiNTcyZjqABJUNAAAAAAAAAH2UjARjYXJ0lH2Ucy4=	2019-03-18 03:20:58.811393+03
kucdv1obthyfxb4le7yaw1ohniu4gjfn	ZjUzMzNhNzM2NWI3MTI2Y2M2ZDlmMmU1NDMzZWI5YjRjZTRiNTcyZjqABJUNAAAAAAAAAH2UjARjYXJ0lH2Ucy4=	2019-03-18 03:22:16.789797+03
phiiqcg9zthyw4w7mclf3x420lgiyk06	ZjUzMzNhNzM2NWI3MTI2Y2M2ZDlmMmU1NDMzZWI5YjRjZTRiNTcyZjqABJUNAAAAAAAAAH2UjARjYXJ0lH2Ucy4=	2019-03-18 03:22:28.167704+03
9lpobhtx45324g5zom5neavhh4it0zjh	ZjUzMzNhNzM2NWI3MTI2Y2M2ZDlmMmU1NDMzZWI5YjRjZTRiNTcyZjqABJUNAAAAAAAAAH2UjARjYXJ0lH2Ucy4=	2019-03-18 03:23:44.160871+03
orplqjoodbkexi4svmd5oi76fdu5k0dd	ZjUzMzNhNzM2NWI3MTI2Y2M2ZDlmMmU1NDMzZWI5YjRjZTRiNTcyZjqABJUNAAAAAAAAAH2UjARjYXJ0lH2Ucy4=	2019-03-18 03:25:17.1014+03
0hj9dkxn8kjuqj9sco4u55of96k78dgt	ZjUzMzNhNzM2NWI3MTI2Y2M2ZDlmMmU1NDMzZWI5YjRjZTRiNTcyZjqABJUNAAAAAAAAAH2UjARjYXJ0lH2Ucy4=	2019-03-18 03:54:29.511653+03
j9suf6f6s41sgrbs1jigfc4jmi84t9kl	ZjUzMzNhNzM2NWI3MTI2Y2M2ZDlmMmU1NDMzZWI5YjRjZTRiNTcyZjqABJUNAAAAAAAAAH2UjARjYXJ0lH2Ucy4=	2019-03-18 04:21:00.483471+03
35h79in8w7kao0foqgxypyqc2oyi9eik	ZjUzMzNhNzM2NWI3MTI2Y2M2ZDlmMmU1NDMzZWI5YjRjZTRiNTcyZjqABJUNAAAAAAAAAH2UjARjYXJ0lH2Ucy4=	2019-03-18 04:22:31.744218+03
4ev888rhxletmoih39lnyyc6ab9ybd09	ZjUzMzNhNzM2NWI3MTI2Y2M2ZDlmMmU1NDMzZWI5YjRjZTRiNTcyZjqABJUNAAAAAAAAAH2UjARjYXJ0lH2Ucy4=	2019-03-18 04:45:56.213017+03
tnm2tzigt417u43fxytu4bop0oyjxb5x	ZjUzMzNhNzM2NWI3MTI2Y2M2ZDlmMmU1NDMzZWI5YjRjZTRiNTcyZjqABJUNAAAAAAAAAH2UjARjYXJ0lH2Ucy4=	2019-03-18 05:02:34.563998+03
j8rcob1a639xpgfh8snosefkdn9tdhzm	ZjUzMzNhNzM2NWI3MTI2Y2M2ZDlmMmU1NDMzZWI5YjRjZTRiNTcyZjqABJUNAAAAAAAAAH2UjARjYXJ0lH2Ucy4=	2019-03-18 08:06:18.484216+03
zwpa4qs7onkesvw0sz1x3w71vk0ag6sr	ZjUzMzNhNzM2NWI3MTI2Y2M2ZDlmMmU1NDMzZWI5YjRjZTRiNTcyZjqABJUNAAAAAAAAAH2UjARjYXJ0lH2Ucy4=	2019-03-18 08:22:16.234808+03
pgvdw2c0vlw7j3r90utow4mc62zluc0s	ZjUzMzNhNzM2NWI3MTI2Y2M2ZDlmMmU1NDMzZWI5YjRjZTRiNTcyZjqABJUNAAAAAAAAAH2UjARjYXJ0lH2Ucy4=	2019-03-18 08:31:16.145875+03
2n5fq0cyne00i7c7xg9lwu34u9cu4lxu	ZjUzMzNhNzM2NWI3MTI2Y2M2ZDlmMmU1NDMzZWI5YjRjZTRiNTcyZjqABJUNAAAAAAAAAH2UjARjYXJ0lH2Ucy4=	2019-03-18 08:35:20.883905+03
evbu4ug1hbab1wmrxrc88f8py3hasib7	ZjUzMzNhNzM2NWI3MTI2Y2M2ZDlmMmU1NDMzZWI5YjRjZTRiNTcyZjqABJUNAAAAAAAAAH2UjARjYXJ0lH2Ucy4=	2019-03-22 12:54:03.53308+03
okg91by0s09ge46ce8g8nuoryr55fixo	ZjUzMzNhNzM2NWI3MTI2Y2M2ZDlmMmU1NDMzZWI5YjRjZTRiNTcyZjqABJUNAAAAAAAAAH2UjARjYXJ0lH2Ucy4=	2019-03-18 10:05:06.037287+03
egn7s9l98c0p1y9u78w5oytggs5scaek	ZjUzMzNhNzM2NWI3MTI2Y2M2ZDlmMmU1NDMzZWI5YjRjZTRiNTcyZjqABJUNAAAAAAAAAH2UjARjYXJ0lH2Ucy4=	2019-03-18 10:06:12.020668+03
kvfrefa77vzurvztaydq5q0tgpxfeksn	ZjUzMzNhNzM2NWI3MTI2Y2M2ZDlmMmU1NDMzZWI5YjRjZTRiNTcyZjqABJUNAAAAAAAAAH2UjARjYXJ0lH2Ucy4=	2019-03-18 10:06:19.844466+03
h9mbpxsjumwosn4ysny1fu7l5a15he2n	ZjUzMzNhNzM2NWI3MTI2Y2M2ZDlmMmU1NDMzZWI5YjRjZTRiNTcyZjqABJUNAAAAAAAAAH2UjARjYXJ0lH2Ucy4=	2019-03-18 10:15:11.090463+03
cgyyib7ps0me1vozt8u02oz7bvj7nvn1	ZjUzMzNhNzM2NWI3MTI2Y2M2ZDlmMmU1NDMzZWI5YjRjZTRiNTcyZjqABJUNAAAAAAAAAH2UjARjYXJ0lH2Ucy4=	2019-03-18 10:19:01.961498+03
nqxjn8kavf98yrdfdbfjw3o3id963acp	ZjUzMzNhNzM2NWI3MTI2Y2M2ZDlmMmU1NDMzZWI5YjRjZTRiNTcyZjqABJUNAAAAAAAAAH2UjARjYXJ0lH2Ucy4=	2019-03-22 13:08:08.147831+03
pvrl7tdn3muecv3b3t350fcg18p444x1	YTg3YmE2YTA2MmM1MTNhZDVmNWE5NGM0ZDU0ZDRlMGM2Y2UwMDk4NDqABJXMAwAAAAAAAH2UjARjYXJ0lH2UjAEylH2UKIwFcHJpY2WUjAdkZWNpbWFslIwHRGVjaW1hbJSTlIwGNjkyLjAwlIWUUpSMCHF1YW50aXR5lEsBjAt0b3RhbF9wcmljZZRoCIwGNjkyLjAwlIWUUpSMB3Byb2R1Y3SUjBVkamFuZ28uZGIubW9kZWxzLmJhc2WUjA5tb2RlbF91bnBpY2tsZZSTlIwLcHJvZHVjdHNhcHCUjAdQcm9kdWN0lIaUhZRSlH2UKIwGaGVpZ2h0lGgIjAU3MC42MJSFlFKUjARhcmVhlGgIjAQxLjQzlIWUUpSMBndlaWdodJROjARuYW1llIwgTGlzYSBEw6ljb3IgQXViZXJnaW5lIDI1LDPRhTcwLDaUjA9fZGphbmdvX3ZlcnNpb26UjAUyLjEuNZSMBHNhbGWUiIwJYXZhaWxhYmxllIiMBWltYWdllIwdZGphbmdvLmRiLm1vZGVscy5maWVsZHMuZmlsZXOUjA5JbWFnZUZpZWxkRmlsZZSTlCmBlH2UKIwFX2ZpbGWUTmgkjC1wcm9kdWN0cy9hM2Q2ZWE1NGVkZWUwZWY3NzNkNzFjY2ZjNmRkYmE2Zi5qcGeUjApfY29tbWl0dGVklIiMBmNsb3NlZJSJdWKMB2FydGljbGWUjAUxMzY2NJSMBGhpdHOUSwCMBXdpZHRolGgIjAUyNS4zMJSFlFKUjAtjYXRlZ29yeV9pZJRLAYwEc2x1Z5SMHGxpc2EtZGVjb3ItYXViZXJnaW5lLTI1M2g3MDaUjAdub3ZpbmthlIiMDWNvbGxlY3Rpb25faWSUSwGMBXN0b2NrlEsBjAhjb2xvcl9pZJRLAowPY29wbW9zaXRpb25zX2lklEsBjAtkZXNjcmlwdGlvbpSMAJSMC2NvbF9pbl91cGFjlEsIjApzdXJmYWNlX2lklEsBjAZfc3RhdGWUaBKMCk1vZGVsU3RhdGWUk5QpgZR9lCiMAmRilIwHZGVmYXVsdJSMBmFkZGluZ5SJjAxmaWVsZHNfY2FjaGWUfZSMCGNhdGVnb3J5lGgUaBWMD1Byb2R1Y3RDYXRlZ29yeZSGlIWUUpR9lChoJIwl0JrQtdGA0LDQvNC40YfQtdGB0LrQsNGPINC/0LvQuNGC0LrQsJRoR2hJKYGUfZQoaExoTWhOiXVijA9fZGphbmdvX3ZlcnNpb26UjAUyLjEuNZRoPIwVa2VyYW1pY2hlc2theWEtcGxpdGthlIwCaWSUSwF1YnN1YmgFaAiMBjY5Mi4wMJSFlFKUaF1LAnVidXNzLg==	2019-03-18 13:28:06.496091+03
7op3b1bpcf5mqhecslpcamnk3vbenxqd	ZjUzMzNhNzM2NWI3MTI2Y2M2ZDlmMmU1NDMzZWI5YjRjZTRiNTcyZjqABJUNAAAAAAAAAH2UjARjYXJ0lH2Ucy4=	2019-03-18 13:36:27.714624+03
ig6ebfx1t5mo0cqc7hk3af8gz4hwhovv	ZjUzMzNhNzM2NWI3MTI2Y2M2ZDlmMmU1NDMzZWI5YjRjZTRiNTcyZjqABJUNAAAAAAAAAH2UjARjYXJ0lH2Ucy4=	2019-03-18 13:38:59.348943+03
eixtdm1ljst31x0pbx2o20jltimm3mat	ZjUzMzNhNzM2NWI3MTI2Y2M2ZDlmMmU1NDMzZWI5YjRjZTRiNTcyZjqABJUNAAAAAAAAAH2UjARjYXJ0lH2Ucy4=	2019-03-18 13:43:11.901242+03
7hqt7ngsazj1jafe45owv95m1lnb3lgo	ZjUzMzNhNzM2NWI3MTI2Y2M2ZDlmMmU1NDMzZWI5YjRjZTRiNTcyZjqABJUNAAAAAAAAAH2UjARjYXJ0lH2Ucy4=	2019-03-18 13:43:12.126019+03
l286kjfn4dtbdek2cph95wrdhm949cfi	MDhjZWM4OTM1YjQ2Y2EwMGFjN2ZjZmNkNzMwZDA5ZmEzNGFhYzBjMjqABJXlAwAAAAAAAH2UjARjYXJ0lH2UjAE2lH2UKIwIcXVhbnRpdHmUSwKMC3RvdGFsX3ByaWNllIwHZGVjaW1hbJSMB0RlY2ltYWyUk5SMBzI3MTQuMDCUhZRSlIwFcHJpY2WUaAmMBzEzNTcuMDCUhZRSlIwHcHJvZHVjdJSMFWRqYW5nby5kYi5tb2RlbHMuYmFzZZSMDm1vZGVsX3VucGlja2xllJOUjAtwcm9kdWN0c2FwcJSMB1Byb2R1Y3SUhpSFlFKUfZQojAZ3ZWlnaHSUTowNY29sbGVjdGlvbl9pZJRLAYwEaGl0c5RLAIwGX3N0YXRllGgSjApNb2RlbFN0YXRllJOUKYGUfZQojAJkYpSMB2RlZmF1bHSUjAZhZGRpbmeUiYwMZmllbGRzX2NhY2hllH2UjAhjYXRlZ29yeZRoFGgVjA9Qcm9kdWN0Q2F0ZWdvcnmUhpSFlFKUfZQojAJpZJRLAWgeaCApgZR9lChoI2gkaCWJdWKMBHNsdWeUjBVrZXJhbWljaGVza2F5YS1wbGl0a2GUjARuYW1llIwl0JrQtdGA0LDQvNC40YfQtdGB0LrQsNGPINC/0LvQuNGC0LrQsJSMD19kamFuZ29fdmVyc2lvbpSMBTIuMS41lHVic3VijAdhcnRpY2xllIwFMzI0MjOUaC5LBowJYXZhaWxhYmxllIiMC2Rlc2NyaXB0aW9ulIwAlIwEYXJlYZRoCYwEMC4wMpSFlFKUjAVwcmljZZRoCYwHMTM1Ny4wMJSFlFKUjA9jb3Btb3NpdGlvbnNfaWSUSwOMCnN1cmZhY2VfaWSUSwGMC2NhdGVnb3J5X2lklEsBaDOMMkxpc2EgQ2VuZWZhIExpc2EgQXViZXJnaW5lIE1peCAoMiDQstC40LTQsCkgN3gyNSwzlIwIY29sb3JfaWSUSwKMB25vdmlua2GUiIwEc2FsZZSIjAVpbWFnZZSMHWRqYW5nby5kYi5tb2RlbHMuZmllbGRzLmZpbGVzlIwOSW1hZ2VGaWVsZEZpbGWUk5QpgZR9lCiMBV9maWxllE5oM4wtcHJvZHVjdHMvOWI5NTAwZmZiOTFkYTY5OWNkOWM5YTI5NzI5NmQxNjUuanBnlIwGY2xvc2VklImMCl9jb21taXR0ZWSUiHVijAVzdG9ja5RLAWgxjCtsaXNhLWNlbmVmYS1saXNhLWF1YmVyZ2luZS1taXgtMi12aWRhLTd4MjUzlIwGaGVpZ2h0lGgJjAUyNS4zMJSFlFKUjAtjb2xfaW5fdXBhY5RLAYwFd2lkdGiUaAmMBDcuMDCUhZRSlGg1jAUyLjEuNZR1YnVzcy4=	2019-03-18 14:02:21.479708+03
l7haifwkjl00ge4eau96tbawrj8ng27i	ZjUzMzNhNzM2NWI3MTI2Y2M2ZDlmMmU1NDMzZWI5YjRjZTRiNTcyZjqABJUNAAAAAAAAAH2UjARjYXJ0lH2Ucy4=	2019-03-18 14:19:49.61402+03
n14vva03qrje0m8evwu9l2dpeop3qta2	ZjUzMzNhNzM2NWI3MTI2Y2M2ZDlmMmU1NDMzZWI5YjRjZTRiNTcyZjqABJUNAAAAAAAAAH2UjARjYXJ0lH2Ucy4=	2019-03-18 14:49:07.463619+03
21fiqza2dy9b14zxbdaw6r3vrxjjxyz9	ZjUzMzNhNzM2NWI3MTI2Y2M2ZDlmMmU1NDMzZWI5YjRjZTRiNTcyZjqABJUNAAAAAAAAAH2UjARjYXJ0lH2Ucy4=	2019-03-18 14:49:46.351091+03
x7v34faunka7v8b7ba991kgd5w7qrbkx	ZjUzMzNhNzM2NWI3MTI2Y2M2ZDlmMmU1NDMzZWI5YjRjZTRiNTcyZjqABJUNAAAAAAAAAH2UjARjYXJ0lH2Ucy4=	2019-03-18 15:05:20.733035+03
qmscrtg78u8f12tduloq22972yaw23fg	ZjUzMzNhNzM2NWI3MTI2Y2M2ZDlmMmU1NDMzZWI5YjRjZTRiNTcyZjqABJUNAAAAAAAAAH2UjARjYXJ0lH2Ucy4=	2019-03-18 15:06:47.762373+03
5rclzudta6jhv5i62qry9x3336jw9dkh	ZjUzMzNhNzM2NWI3MTI2Y2M2ZDlmMmU1NDMzZWI5YjRjZTRiNTcyZjqABJUNAAAAAAAAAH2UjARjYXJ0lH2Ucy4=	2019-03-18 15:23:04.067318+03
bbz1tcqdz3d0ev0pxahpdpo2yyhz3z8l	ZjUzMzNhNzM2NWI3MTI2Y2M2ZDlmMmU1NDMzZWI5YjRjZTRiNTcyZjqABJUNAAAAAAAAAH2UjARjYXJ0lH2Ucy4=	2019-03-18 15:32:26.458213+03
lemgfk2bu9diytweamb81sd84mcsn5r3	ZjUzMzNhNzM2NWI3MTI2Y2M2ZDlmMmU1NDMzZWI5YjRjZTRiNTcyZjqABJUNAAAAAAAAAH2UjARjYXJ0lH2Ucy4=	2019-03-18 15:34:55.039824+03
ihiqzllf97j85s7znyzwl86sxhu3thnd	ZjUzMzNhNzM2NWI3MTI2Y2M2ZDlmMmU1NDMzZWI5YjRjZTRiNTcyZjqABJUNAAAAAAAAAH2UjARjYXJ0lH2Ucy4=	2019-03-18 15:52:17.71163+03
pjdt30l40blopc4628ymdqaur266uoy7	ZjUzMzNhNzM2NWI3MTI2Y2M2ZDlmMmU1NDMzZWI5YjRjZTRiNTcyZjqABJUNAAAAAAAAAH2UjARjYXJ0lH2Ucy4=	2019-03-18 16:37:40.287621+03
5m59wm34rrpxego3juwo033fksl36x7l	ZjUzMzNhNzM2NWI3MTI2Y2M2ZDlmMmU1NDMzZWI5YjRjZTRiNTcyZjqABJUNAAAAAAAAAH2UjARjYXJ0lH2Ucy4=	2019-03-18 16:49:21.631348+03
86dr8c9tlftvkmgle4o4mgc451tga0fv	ZjUzMzNhNzM2NWI3MTI2Y2M2ZDlmMmU1NDMzZWI5YjRjZTRiNTcyZjqABJUNAAAAAAAAAH2UjARjYXJ0lH2Ucy4=	2019-03-18 16:54:38.173179+03
f8txpnr13io4dwaa1w576w6i0n8xkku6	ZjUzMzNhNzM2NWI3MTI2Y2M2ZDlmMmU1NDMzZWI5YjRjZTRiNTcyZjqABJUNAAAAAAAAAH2UjARjYXJ0lH2Ucy4=	2019-03-18 17:06:14.661232+03
3svlf1fts61frd5b5lmel13xcs0hs3pw	ZjUzMzNhNzM2NWI3MTI2Y2M2ZDlmMmU1NDMzZWI5YjRjZTRiNTcyZjqABJUNAAAAAAAAAH2UjARjYXJ0lH2Ucy4=	2019-03-18 17:37:04.143145+03
t4mlvtbbjzkive8ojunqzc3rxfhu38vj	ZjUzMzNhNzM2NWI3MTI2Y2M2ZDlmMmU1NDMzZWI5YjRjZTRiNTcyZjqABJUNAAAAAAAAAH2UjARjYXJ0lH2Ucy4=	2019-03-18 17:45:26.199791+03
psrq01hq9k5lq639rk9ej51ocvu7n45r	ZjUzMzNhNzM2NWI3MTI2Y2M2ZDlmMmU1NDMzZWI5YjRjZTRiNTcyZjqABJUNAAAAAAAAAH2UjARjYXJ0lH2Ucy4=	2019-03-18 18:18:05.722926+03
10y92fda3rcyxwyal8gw9keye6dj2kd8	ZjUzMzNhNzM2NWI3MTI2Y2M2ZDlmMmU1NDMzZWI5YjRjZTRiNTcyZjqABJUNAAAAAAAAAH2UjARjYXJ0lH2Ucy4=	2019-03-18 18:55:10.406214+03
y34555u3b07yjzshstiworsqufnywngx	ZjUzMzNhNzM2NWI3MTI2Y2M2ZDlmMmU1NDMzZWI5YjRjZTRiNTcyZjqABJUNAAAAAAAAAH2UjARjYXJ0lH2Ucy4=	2019-03-18 19:31:03.602111+03
c027at691t9lx7zizvfi8g0j7g6nyv4p	ZjUzMzNhNzM2NWI3MTI2Y2M2ZDlmMmU1NDMzZWI5YjRjZTRiNTcyZjqABJUNAAAAAAAAAH2UjARjYXJ0lH2Ucy4=	2019-03-18 20:18:14.874939+03
vcvt5gjlz2vfmhvvloyl7psoappexfhj	ZjUzMzNhNzM2NWI3MTI2Y2M2ZDlmMmU1NDMzZWI5YjRjZTRiNTcyZjqABJUNAAAAAAAAAH2UjARjYXJ0lH2Ucy4=	2019-03-18 20:48:02.980668+03
m2x3nv53bw9inp1n3xkbagdb50doi4tp	ZjUzMzNhNzM2NWI3MTI2Y2M2ZDlmMmU1NDMzZWI5YjRjZTRiNTcyZjqABJUNAAAAAAAAAH2UjARjYXJ0lH2Ucy4=	2019-03-18 21:01:22.905494+03
1ojzl56lofg5l0rljeo2znhtque2pwx9	ZjUzMzNhNzM2NWI3MTI2Y2M2ZDlmMmU1NDMzZWI5YjRjZTRiNTcyZjqABJUNAAAAAAAAAH2UjARjYXJ0lH2Ucy4=	2019-03-18 21:28:38.973661+03
a4xrucgldly7a28891miuzkyvnoypv5m	ZjUzMzNhNzM2NWI3MTI2Y2M2ZDlmMmU1NDMzZWI5YjRjZTRiNTcyZjqABJUNAAAAAAAAAH2UjARjYXJ0lH2Ucy4=	2019-03-18 22:54:07.616703+03
5lm4rrzk3nj5ejntprpnz5crymuhxiut	ZjUzMzNhNzM2NWI3MTI2Y2M2ZDlmMmU1NDMzZWI5YjRjZTRiNTcyZjqABJUNAAAAAAAAAH2UjARjYXJ0lH2Ucy4=	2019-03-18 22:54:18.509722+03
4zfpflv4m60kt3vyrvh7drw6er83are7	ZjUzMzNhNzM2NWI3MTI2Y2M2ZDlmMmU1NDMzZWI5YjRjZTRiNTcyZjqABJUNAAAAAAAAAH2UjARjYXJ0lH2Ucy4=	2019-03-18 23:40:49.302971+03
c3cs4t3cadas7gcupjk0z3f8uv4tq9mx	ZjUzMzNhNzM2NWI3MTI2Y2M2ZDlmMmU1NDMzZWI5YjRjZTRiNTcyZjqABJUNAAAAAAAAAH2UjARjYXJ0lH2Ucy4=	2019-03-18 23:45:51.306535+03
vt0y55jjmggwkqkz85okrqcl5vvinov8	ZjUzMzNhNzM2NWI3MTI2Y2M2ZDlmMmU1NDMzZWI5YjRjZTRiNTcyZjqABJUNAAAAAAAAAH2UjARjYXJ0lH2Ucy4=	2019-03-22 13:13:42.833206+03
v0argzqr325zf015alsdg73uctqwczr7	ZjUzMzNhNzM2NWI3MTI2Y2M2ZDlmMmU1NDMzZWI5YjRjZTRiNTcyZjqABJUNAAAAAAAAAH2UjARjYXJ0lH2Ucy4=	2019-03-19 00:03:40.989194+03
44hykp5j08e6mwjfqzmx082mrb5vium8	ZjUzMzNhNzM2NWI3MTI2Y2M2ZDlmMmU1NDMzZWI5YjRjZTRiNTcyZjqABJUNAAAAAAAAAH2UjARjYXJ0lH2Ucy4=	2019-03-19 00:11:05.021546+03
32qw5e926jh6mkqjsykvhl43c06ooan8	ZjUzMzNhNzM2NWI3MTI2Y2M2ZDlmMmU1NDMzZWI5YjRjZTRiNTcyZjqABJUNAAAAAAAAAH2UjARjYXJ0lH2Ucy4=	2019-03-19 00:15:21.087818+03
hqn2xifyaega59plllos9ms63gy59vxv	ZjUzMzNhNzM2NWI3MTI2Y2M2ZDlmMmU1NDMzZWI5YjRjZTRiNTcyZjqABJUNAAAAAAAAAH2UjARjYXJ0lH2Ucy4=	2019-03-19 00:47:12.596162+03
8ky1u7lpvhwrln82p5o62w55xmb70uby	ZjUzMzNhNzM2NWI3MTI2Y2M2ZDlmMmU1NDMzZWI5YjRjZTRiNTcyZjqABJUNAAAAAAAAAH2UjARjYXJ0lH2Ucy4=	2019-03-19 01:26:12.026317+03
p5rsdhmvzupbzb1ejbivhq2mhu49jjz9	ZjUzMzNhNzM2NWI3MTI2Y2M2ZDlmMmU1NDMzZWI5YjRjZTRiNTcyZjqABJUNAAAAAAAAAH2UjARjYXJ0lH2Ucy4=	2019-03-19 01:53:47.151831+03
d1bz01w8v9m1sezklr4pzpbfzc2u3jwg	ZjUzMzNhNzM2NWI3MTI2Y2M2ZDlmMmU1NDMzZWI5YjRjZTRiNTcyZjqABJUNAAAAAAAAAH2UjARjYXJ0lH2Ucy4=	2019-03-19 03:42:50.962082+03
d15rtct8i7yhxv6qj1cpuuhp5hnm4vwc	ZjUzMzNhNzM2NWI3MTI2Y2M2ZDlmMmU1NDMzZWI5YjRjZTRiNTcyZjqABJUNAAAAAAAAAH2UjARjYXJ0lH2Ucy4=	2019-03-19 04:01:45.741595+03
az188wr5owqn8dvegrz6f0q9qupvzp2i	ZjUzMzNhNzM2NWI3MTI2Y2M2ZDlmMmU1NDMzZWI5YjRjZTRiNTcyZjqABJUNAAAAAAAAAH2UjARjYXJ0lH2Ucy4=	2019-03-19 04:09:50.676948+03
0wf308zxbads43gb0d1rxjq7nsovq5l0	ZjUzMzNhNzM2NWI3MTI2Y2M2ZDlmMmU1NDMzZWI5YjRjZTRiNTcyZjqABJUNAAAAAAAAAH2UjARjYXJ0lH2Ucy4=	2019-03-19 04:35:50.983961+03
06hwmg0fs27viss7mjx3is3m86d5tswc	ZjUzMzNhNzM2NWI3MTI2Y2M2ZDlmMmU1NDMzZWI5YjRjZTRiNTcyZjqABJUNAAAAAAAAAH2UjARjYXJ0lH2Ucy4=	2019-03-19 04:44:32.05856+03
300v6igx514vz7bexpfyxqozl8lc1fq5	ZjUzMzNhNzM2NWI3MTI2Y2M2ZDlmMmU1NDMzZWI5YjRjZTRiNTcyZjqABJUNAAAAAAAAAH2UjARjYXJ0lH2Ucy4=	2019-03-19 04:54:00.009612+03
3xo0306dq8zsu4b1nbmq50l6zzatgko9	ZjUzMzNhNzM2NWI3MTI2Y2M2ZDlmMmU1NDMzZWI5YjRjZTRiNTcyZjqABJUNAAAAAAAAAH2UjARjYXJ0lH2Ucy4=	2019-03-19 05:03:49.247067+03
s8yuzntdj7lw2c3cr7zplxcig13x1sj7	ZjUzMzNhNzM2NWI3MTI2Y2M2ZDlmMmU1NDMzZWI5YjRjZTRiNTcyZjqABJUNAAAAAAAAAH2UjARjYXJ0lH2Ucy4=	2019-03-19 05:08:54.208931+03
9dczwpwrp04o4tbpi1hl0biekchskr6x	ZjUzMzNhNzM2NWI3MTI2Y2M2ZDlmMmU1NDMzZWI5YjRjZTRiNTcyZjqABJUNAAAAAAAAAH2UjARjYXJ0lH2Ucy4=	2019-03-19 06:11:01.922652+03
vvxyd4zx6qsl5o91o284762gxlpbbtzg	ZjUzMzNhNzM2NWI3MTI2Y2M2ZDlmMmU1NDMzZWI5YjRjZTRiNTcyZjqABJUNAAAAAAAAAH2UjARjYXJ0lH2Ucy4=	2019-03-19 06:27:20.839239+03
dqtawseaqys2egqy3g1ad2a3q65s9m9g	ZjUzMzNhNzM2NWI3MTI2Y2M2ZDlmMmU1NDMzZWI5YjRjZTRiNTcyZjqABJUNAAAAAAAAAH2UjARjYXJ0lH2Ucy4=	2019-03-19 07:48:18.305958+03
bzimu7h1eqw93hhsrixfm5g8snqhhiiw	ZjUzMzNhNzM2NWI3MTI2Y2M2ZDlmMmU1NDMzZWI5YjRjZTRiNTcyZjqABJUNAAAAAAAAAH2UjARjYXJ0lH2Ucy4=	2019-03-19 08:07:16.492921+03
clhsxegzyxbdz6s6nnerdxfvahuiq4a0	ZjUzMzNhNzM2NWI3MTI2Y2M2ZDlmMmU1NDMzZWI5YjRjZTRiNTcyZjqABJUNAAAAAAAAAH2UjARjYXJ0lH2Ucy4=	2019-03-19 08:43:40.047083+03
cbap1y38rgq5atbe5x9cyn2jss672490	ZjUzMzNhNzM2NWI3MTI2Y2M2ZDlmMmU1NDMzZWI5YjRjZTRiNTcyZjqABJUNAAAAAAAAAH2UjARjYXJ0lH2Ucy4=	2019-03-19 09:32:45.593536+03
lmp1rgmghe3nn9opvgv8puif6521vxz1	ZjUzMzNhNzM2NWI3MTI2Y2M2ZDlmMmU1NDMzZWI5YjRjZTRiNTcyZjqABJUNAAAAAAAAAH2UjARjYXJ0lH2Ucy4=	2019-03-19 09:40:37.003582+03
fmx8v3dsavjxvx519yf7i5qwotj8l65l	ZjUzMzNhNzM2NWI3MTI2Y2M2ZDlmMmU1NDMzZWI5YjRjZTRiNTcyZjqABJUNAAAAAAAAAH2UjARjYXJ0lH2Ucy4=	2019-03-19 09:43:08.067605+03
l33sp2p8xyhr1aj32qkyg2636pj9d4pq	ZjUzMzNhNzM2NWI3MTI2Y2M2ZDlmMmU1NDMzZWI5YjRjZTRiNTcyZjqABJUNAAAAAAAAAH2UjARjYXJ0lH2Ucy4=	2019-03-19 10:00:17.820086+03
6v1lspeeyopsxtf1fqqyn2qxapqv7kwd	ZjUzMzNhNzM2NWI3MTI2Y2M2ZDlmMmU1NDMzZWI5YjRjZTRiNTcyZjqABJUNAAAAAAAAAH2UjARjYXJ0lH2Ucy4=	2019-03-19 10:16:18.097529+03
jf85ec33gpwamybd1ol23ckuztqtb0a1	ZjUzMzNhNzM2NWI3MTI2Y2M2ZDlmMmU1NDMzZWI5YjRjZTRiNTcyZjqABJUNAAAAAAAAAH2UjARjYXJ0lH2Ucy4=	2019-03-19 10:22:21.823827+03
ot0l29bunux4f269a4w4monh75zmw59j	ZjUzMzNhNzM2NWI3MTI2Y2M2ZDlmMmU1NDMzZWI5YjRjZTRiNTcyZjqABJUNAAAAAAAAAH2UjARjYXJ0lH2Ucy4=	2019-03-19 10:30:29.723541+03
ilt487gqcb3u8m12nqwmw2b5hyxhljyo	ZjUzMzNhNzM2NWI3MTI2Y2M2ZDlmMmU1NDMzZWI5YjRjZTRiNTcyZjqABJUNAAAAAAAAAH2UjARjYXJ0lH2Ucy4=	2019-03-19 10:38:53.869533+03
z0quslrqpdpdv0wh7vkyd71mznhw53vv	ZjUzMzNhNzM2NWI3MTI2Y2M2ZDlmMmU1NDMzZWI5YjRjZTRiNTcyZjqABJUNAAAAAAAAAH2UjARjYXJ0lH2Ucy4=	2019-03-19 10:50:41.844083+03
vfo7akgt44w6hioay3hnvm8i64ypgq7o	ZjUzMzNhNzM2NWI3MTI2Y2M2ZDlmMmU1NDMzZWI5YjRjZTRiNTcyZjqABJUNAAAAAAAAAH2UjARjYXJ0lH2Ucy4=	2019-03-19 11:19:23.794129+03
3l6lrg9316ibmg5cr4h9fedhzznljepi	ZjUzMzNhNzM2NWI3MTI2Y2M2ZDlmMmU1NDMzZWI5YjRjZTRiNTcyZjqABJUNAAAAAAAAAH2UjARjYXJ0lH2Ucy4=	2019-03-19 11:38:27.171329+03
920zj9li7hhgdlsfcyebx84flzvzm5pb	ZjUzMzNhNzM2NWI3MTI2Y2M2ZDlmMmU1NDMzZWI5YjRjZTRiNTcyZjqABJUNAAAAAAAAAH2UjARjYXJ0lH2Ucy4=	2019-03-19 11:44:28.763569+03
d552xkx7bzyvr5bv4rqlgt2o7f58plw2	ZjUzMzNhNzM2NWI3MTI2Y2M2ZDlmMmU1NDMzZWI5YjRjZTRiNTcyZjqABJUNAAAAAAAAAH2UjARjYXJ0lH2Ucy4=	2019-03-19 12:02:46.357026+03
hb6u23ix39s731f1nufs49nweyx13evz	ZjUzMzNhNzM2NWI3MTI2Y2M2ZDlmMmU1NDMzZWI5YjRjZTRiNTcyZjqABJUNAAAAAAAAAH2UjARjYXJ0lH2Ucy4=	2019-03-19 12:29:33.549375+03
skxr12kn1robi8mcfpmtv8lkb240ox4e	ZjUzMzNhNzM2NWI3MTI2Y2M2ZDlmMmU1NDMzZWI5YjRjZTRiNTcyZjqABJUNAAAAAAAAAH2UjARjYXJ0lH2Ucy4=	2019-03-19 13:08:10.417232+03
1crm1f82sd67wa4ii2r2ur7utl8sxmkg	ZjUzMzNhNzM2NWI3MTI2Y2M2ZDlmMmU1NDMzZWI5YjRjZTRiNTcyZjqABJUNAAAAAAAAAH2UjARjYXJ0lH2Ucy4=	2019-03-19 13:23:16.73333+03
tuaxp92lq611t9p6652e1dahf58764ze	ZjUzMzNhNzM2NWI3MTI2Y2M2ZDlmMmU1NDMzZWI5YjRjZTRiNTcyZjqABJUNAAAAAAAAAH2UjARjYXJ0lH2Ucy4=	2019-03-19 13:34:08.511951+03
rqqosmysbfc467nx0d8r6il8vfqrytgc	ZjUzMzNhNzM2NWI3MTI2Y2M2ZDlmMmU1NDMzZWI5YjRjZTRiNTcyZjqABJUNAAAAAAAAAH2UjARjYXJ0lH2Ucy4=	2019-03-19 13:38:12.860909+03
8n4v16byru8r02fg34nkb68hh3b1rnz9	ZjUzMzNhNzM2NWI3MTI2Y2M2ZDlmMmU1NDMzZWI5YjRjZTRiNTcyZjqABJUNAAAAAAAAAH2UjARjYXJ0lH2Ucy4=	2019-03-19 14:10:39.094131+03
n2qv5jv5anfta6dqldwgbfukk9mwfd2q	ZjUzMzNhNzM2NWI3MTI2Y2M2ZDlmMmU1NDMzZWI5YjRjZTRiNTcyZjqABJUNAAAAAAAAAH2UjARjYXJ0lH2Ucy4=	2019-03-19 14:19:34.243342+03
hux4yqhlbdti7seh02wmukkqilxauo87	ZjUzMzNhNzM2NWI3MTI2Y2M2ZDlmMmU1NDMzZWI5YjRjZTRiNTcyZjqABJUNAAAAAAAAAH2UjARjYXJ0lH2Ucy4=	2019-03-19 14:28:28.393407+03
f1gl94bwmfcqn09l1ymfzswckres6i5g	ZjUzMzNhNzM2NWI3MTI2Y2M2ZDlmMmU1NDMzZWI5YjRjZTRiNTcyZjqABJUNAAAAAAAAAH2UjARjYXJ0lH2Ucy4=	2019-03-19 14:34:33.911361+03
iera0m3g5rolgfqn3kcqie662km1pkvt	ZjUzMzNhNzM2NWI3MTI2Y2M2ZDlmMmU1NDMzZWI5YjRjZTRiNTcyZjqABJUNAAAAAAAAAH2UjARjYXJ0lH2Ucy4=	2019-03-19 15:25:34.077448+03
fbhi0bbxk87i8yjkb0g05gipy7f3zml0	ZjUzMzNhNzM2NWI3MTI2Y2M2ZDlmMmU1NDMzZWI5YjRjZTRiNTcyZjqABJUNAAAAAAAAAH2UjARjYXJ0lH2Ucy4=	2019-03-19 15:40:33.471792+03
25w47an0eicgu4xr4idccajfxr5rvey9	ZjUzMzNhNzM2NWI3MTI2Y2M2ZDlmMmU1NDMzZWI5YjRjZTRiNTcyZjqABJUNAAAAAAAAAH2UjARjYXJ0lH2Ucy4=	2019-03-19 17:45:07.137606+03
vlqlqqjnpp3fp6f2tggq13si2yw8pc5j	ZjUzMzNhNzM2NWI3MTI2Y2M2ZDlmMmU1NDMzZWI5YjRjZTRiNTcyZjqABJUNAAAAAAAAAH2UjARjYXJ0lH2Ucy4=	2019-03-19 17:52:30.578202+03
y3dixol9mkrcneiw76nzwhfgnregghem	ZjUzMzNhNzM2NWI3MTI2Y2M2ZDlmMmU1NDMzZWI5YjRjZTRiNTcyZjqABJUNAAAAAAAAAH2UjARjYXJ0lH2Ucy4=	2019-03-19 18:45:37.879636+03
jnewfvb92auje7u85mc6xr1sze2t033k	ZjUzMzNhNzM2NWI3MTI2Y2M2ZDlmMmU1NDMzZWI5YjRjZTRiNTcyZjqABJUNAAAAAAAAAH2UjARjYXJ0lH2Ucy4=	2019-03-22 13:13:56.310473+03
op788se1in6dwswtpmdkz33z8g8yh0jd	ZjUzMzNhNzM2NWI3MTI2Y2M2ZDlmMmU1NDMzZWI5YjRjZTRiNTcyZjqABJUNAAAAAAAAAH2UjARjYXJ0lH2Ucy4=	2019-03-19 18:50:47.941196+03
mm1hxotm5sy9pkzld6en1r5ztejx6j2v	ZjUzMzNhNzM2NWI3MTI2Y2M2ZDlmMmU1NDMzZWI5YjRjZTRiNTcyZjqABJUNAAAAAAAAAH2UjARjYXJ0lH2Ucy4=	2019-03-19 18:57:25.394349+03
0tv9ovaq9t3oloskak7e3rpbhvxpb6a6	ZjUzMzNhNzM2NWI3MTI2Y2M2ZDlmMmU1NDMzZWI5YjRjZTRiNTcyZjqABJUNAAAAAAAAAH2UjARjYXJ0lH2Ucy4=	2019-03-19 19:01:18.003991+03
ygaojfogmd93vry2u2r9ukpfds32zaqo	ZjUzMzNhNzM2NWI3MTI2Y2M2ZDlmMmU1NDMzZWI5YjRjZTRiNTcyZjqABJUNAAAAAAAAAH2UjARjYXJ0lH2Ucy4=	2019-03-19 19:15:10.126839+03
yycxt2optl5o29y50qe3078kzldqs8y5	ZjUzMzNhNzM2NWI3MTI2Y2M2ZDlmMmU1NDMzZWI5YjRjZTRiNTcyZjqABJUNAAAAAAAAAH2UjARjYXJ0lH2Ucy4=	2019-03-19 19:53:03.273627+03
0caichb64e32es1xruv5zlub8dfb3px4	ZjUzMzNhNzM2NWI3MTI2Y2M2ZDlmMmU1NDMzZWI5YjRjZTRiNTcyZjqABJUNAAAAAAAAAH2UjARjYXJ0lH2Ucy4=	2019-03-19 20:36:07.182433+03
8h8snjjew3rhm9grl3mnq4wmrsyfha5r	ZjUzMzNhNzM2NWI3MTI2Y2M2ZDlmMmU1NDMzZWI5YjRjZTRiNTcyZjqABJUNAAAAAAAAAH2UjARjYXJ0lH2Ucy4=	2019-03-19 21:03:21.319685+03
kjrclsidzuml3jqn7qs8fzhzs4p64rda	ZjUzMzNhNzM2NWI3MTI2Y2M2ZDlmMmU1NDMzZWI5YjRjZTRiNTcyZjqABJUNAAAAAAAAAH2UjARjYXJ0lH2Ucy4=	2019-03-19 21:17:45.640313+03
534jp78akhh2fmyd7yco7r6x84pck9m4	ZjUzMzNhNzM2NWI3MTI2Y2M2ZDlmMmU1NDMzZWI5YjRjZTRiNTcyZjqABJUNAAAAAAAAAH2UjARjYXJ0lH2Ucy4=	2019-03-19 22:00:55.240144+03
ab6lzw4ivtmizgj9uyx2zh342gqnkcfr	ZjUzMzNhNzM2NWI3MTI2Y2M2ZDlmMmU1NDMzZWI5YjRjZTRiNTcyZjqABJUNAAAAAAAAAH2UjARjYXJ0lH2Ucy4=	2019-03-19 22:12:01.46644+03
fl4vpcjxw1cwalk3u71mn8714b0vrz21	ZjUzMzNhNzM2NWI3MTI2Y2M2ZDlmMmU1NDMzZWI5YjRjZTRiNTcyZjqABJUNAAAAAAAAAH2UjARjYXJ0lH2Ucy4=	2019-03-19 22:20:27.058936+03
rq2qt9rwbzniccsyjtaoczpgotcb7vuh	ZjUzMzNhNzM2NWI3MTI2Y2M2ZDlmMmU1NDMzZWI5YjRjZTRiNTcyZjqABJUNAAAAAAAAAH2UjARjYXJ0lH2Ucy4=	2019-03-19 22:39:05.304067+03
8pbspxldxtk03upzp54y5xksbexe5sjx	ZjUzMzNhNzM2NWI3MTI2Y2M2ZDlmMmU1NDMzZWI5YjRjZTRiNTcyZjqABJUNAAAAAAAAAH2UjARjYXJ0lH2Ucy4=	2019-03-19 22:42:22.121858+03
vi0wgglh0satsv78en372w4k3ac8e1jv	ZjUzMzNhNzM2NWI3MTI2Y2M2ZDlmMmU1NDMzZWI5YjRjZTRiNTcyZjqABJUNAAAAAAAAAH2UjARjYXJ0lH2Ucy4=	2019-03-19 23:19:33.144291+03
k4s6r8f8q8e4ming31baeme1qnhx8ign	ZjUzMzNhNzM2NWI3MTI2Y2M2ZDlmMmU1NDMzZWI5YjRjZTRiNTcyZjqABJUNAAAAAAAAAH2UjARjYXJ0lH2Ucy4=	2019-03-19 23:40:42.791112+03
naa9cz30cstm15jigdbcytmytfxxz5bt	ZjUzMzNhNzM2NWI3MTI2Y2M2ZDlmMmU1NDMzZWI5YjRjZTRiNTcyZjqABJUNAAAAAAAAAH2UjARjYXJ0lH2Ucy4=	2019-03-20 00:14:08.553323+03
9yygsr6hxvcb46bw34q9jcdib6bjifol	ZjUzMzNhNzM2NWI3MTI2Y2M2ZDlmMmU1NDMzZWI5YjRjZTRiNTcyZjqABJUNAAAAAAAAAH2UjARjYXJ0lH2Ucy4=	2019-03-20 01:05:35.333971+03
lp5sqaxulce2t9fggx3tmbyz3sovbxj2	ZjUzMzNhNzM2NWI3MTI2Y2M2ZDlmMmU1NDMzZWI5YjRjZTRiNTcyZjqABJUNAAAAAAAAAH2UjARjYXJ0lH2Ucy4=	2019-03-20 02:00:33.207217+03
jww9ku6upqzidpuizh82zoiiogffsr9p	ZjUzMzNhNzM2NWI3MTI2Y2M2ZDlmMmU1NDMzZWI5YjRjZTRiNTcyZjqABJUNAAAAAAAAAH2UjARjYXJ0lH2Ucy4=	2019-03-20 02:04:12.586792+03
mnl4xg046qkosechk922cr5iggvpzhsz	ZjUzMzNhNzM2NWI3MTI2Y2M2ZDlmMmU1NDMzZWI5YjRjZTRiNTcyZjqABJUNAAAAAAAAAH2UjARjYXJ0lH2Ucy4=	2019-03-20 02:43:52.816855+03
eqq8jct8dq6zsra49e3r3mrhbk1r9okd	ZjUzMzNhNzM2NWI3MTI2Y2M2ZDlmMmU1NDMzZWI5YjRjZTRiNTcyZjqABJUNAAAAAAAAAH2UjARjYXJ0lH2Ucy4=	2019-03-20 03:25:46.6207+03
e9nphkzeblqbcny6duzlleyze2oprmzn	ZjUzMzNhNzM2NWI3MTI2Y2M2ZDlmMmU1NDMzZWI5YjRjZTRiNTcyZjqABJUNAAAAAAAAAH2UjARjYXJ0lH2Ucy4=	2019-03-20 03:40:57.746122+03
hs9boisrc5skkdxer8gjlh3elfi6us9i	ZjUzMzNhNzM2NWI3MTI2Y2M2ZDlmMmU1NDMzZWI5YjRjZTRiNTcyZjqABJUNAAAAAAAAAH2UjARjYXJ0lH2Ucy4=	2019-03-20 04:31:53.10664+03
hbiffjo9qakyefoh20760zxuaql2lk6g	ZjUzMzNhNzM2NWI3MTI2Y2M2ZDlmMmU1NDMzZWI5YjRjZTRiNTcyZjqABJUNAAAAAAAAAH2UjARjYXJ0lH2Ucy4=	2019-03-20 05:05:40.004177+03
eetcq7pvr1oulwp3ryrjtrzwuv8vv67s	ZjUzMzNhNzM2NWI3MTI2Y2M2ZDlmMmU1NDMzZWI5YjRjZTRiNTcyZjqABJUNAAAAAAAAAH2UjARjYXJ0lH2Ucy4=	2019-03-20 05:07:32.192563+03
8g78p4dlbf2vg2l5xalmwrfg5yviays9	ZjUzMzNhNzM2NWI3MTI2Y2M2ZDlmMmU1NDMzZWI5YjRjZTRiNTcyZjqABJUNAAAAAAAAAH2UjARjYXJ0lH2Ucy4=	2019-03-20 05:09:44.674239+03
qeku4px15inqe47363fa9m7mlnh2t0dd	ZjUzMzNhNzM2NWI3MTI2Y2M2ZDlmMmU1NDMzZWI5YjRjZTRiNTcyZjqABJUNAAAAAAAAAH2UjARjYXJ0lH2Ucy4=	2019-03-20 05:48:00.867159+03
lf14asiq6jypfz4v2q77noh3ln5kf5yz	ZjUzMzNhNzM2NWI3MTI2Y2M2ZDlmMmU1NDMzZWI5YjRjZTRiNTcyZjqABJUNAAAAAAAAAH2UjARjYXJ0lH2Ucy4=	2019-03-20 06:24:48.717186+03
9vmf3ezkwbspolxnxdaonpidp1f3nbwu	ZjUzMzNhNzM2NWI3MTI2Y2M2ZDlmMmU1NDMzZWI5YjRjZTRiNTcyZjqABJUNAAAAAAAAAH2UjARjYXJ0lH2Ucy4=	2019-03-20 07:00:57.477182+03
58ecovoeho3jeck4qaqp6k0r7c29n6zy	ZjUzMzNhNzM2NWI3MTI2Y2M2ZDlmMmU1NDMzZWI5YjRjZTRiNTcyZjqABJUNAAAAAAAAAH2UjARjYXJ0lH2Ucy4=	2019-03-20 07:54:13.964707+03
hq5dp0qdrwc61066i7ba3k3y09swdwkj	ZjUzMzNhNzM2NWI3MTI2Y2M2ZDlmMmU1NDMzZWI5YjRjZTRiNTcyZjqABJUNAAAAAAAAAH2UjARjYXJ0lH2Ucy4=	2019-03-20 07:56:05.070062+03
qeyeo6oirfkexmd0h13tf1m3vlmip4cp	ZjUzMzNhNzM2NWI3MTI2Y2M2ZDlmMmU1NDMzZWI5YjRjZTRiNTcyZjqABJUNAAAAAAAAAH2UjARjYXJ0lH2Ucy4=	2019-03-20 08:04:05.702063+03
z4y3qp3p8ci3p487gq1vtmna3x9mfp6j	ZjUzMzNhNzM2NWI3MTI2Y2M2ZDlmMmU1NDMzZWI5YjRjZTRiNTcyZjqABJUNAAAAAAAAAH2UjARjYXJ0lH2Ucy4=	2019-03-20 09:50:25.482688+03
dezx4wpc7m1red7f10eta46nez1kzlxe	ZjUzMzNhNzM2NWI3MTI2Y2M2ZDlmMmU1NDMzZWI5YjRjZTRiNTcyZjqABJUNAAAAAAAAAH2UjARjYXJ0lH2Ucy4=	2019-03-20 09:52:15.132105+03
umf0if7wxpuyxywvmck0p7jyg2e9k2fq	ZjUzMzNhNzM2NWI3MTI2Y2M2ZDlmMmU1NDMzZWI5YjRjZTRiNTcyZjqABJUNAAAAAAAAAH2UjARjYXJ0lH2Ucy4=	2019-03-20 09:58:51.930141+03
vr2hiv2yjln43e67f9606sticfwg8a4v	ZjUzMzNhNzM2NWI3MTI2Y2M2ZDlmMmU1NDMzZWI5YjRjZTRiNTcyZjqABJUNAAAAAAAAAH2UjARjYXJ0lH2Ucy4=	2019-03-20 10:07:54.422348+03
80li9jqe2oondibv0hkd3w5moywx2li4	ZjUzMzNhNzM2NWI3MTI2Y2M2ZDlmMmU1NDMzZWI5YjRjZTRiNTcyZjqABJUNAAAAAAAAAH2UjARjYXJ0lH2Ucy4=	2019-03-20 10:35:51.210008+03
8po56q8nab6i3ua06ky6xl6d2xxk7hmy	ZjUzMzNhNzM2NWI3MTI2Y2M2ZDlmMmU1NDMzZWI5YjRjZTRiNTcyZjqABJUNAAAAAAAAAH2UjARjYXJ0lH2Ucy4=	2019-03-20 11:30:48.979339+03
8147f5dl3u71ktpg749gi8efmgptzlfy	ZjUzMzNhNzM2NWI3MTI2Y2M2ZDlmMmU1NDMzZWI5YjRjZTRiNTcyZjqABJUNAAAAAAAAAH2UjARjYXJ0lH2Ucy4=	2019-03-20 12:34:12.30538+03
k1o6vft9rvh2pyqgv1cef27c1ss2mzr8	ZjUzMzNhNzM2NWI3MTI2Y2M2ZDlmMmU1NDMzZWI5YjRjZTRiNTcyZjqABJUNAAAAAAAAAH2UjARjYXJ0lH2Ucy4=	2019-03-20 13:51:39.75706+03
0y2syiwdvez0o2tngp9rs6leg1vooen5	ZjUzMzNhNzM2NWI3MTI2Y2M2ZDlmMmU1NDMzZWI5YjRjZTRiNTcyZjqABJUNAAAAAAAAAH2UjARjYXJ0lH2Ucy4=	2019-03-20 14:29:58.59192+03
x3glkb6t95y064ym655x1njp2hmmbg0p	ZjUzMzNhNzM2NWI3MTI2Y2M2ZDlmMmU1NDMzZWI5YjRjZTRiNTcyZjqABJUNAAAAAAAAAH2UjARjYXJ0lH2Ucy4=	2019-03-20 15:27:11.78111+03
75e5zvfruh96dkkas6knqr7iojf87v8b	ZjUzMzNhNzM2NWI3MTI2Y2M2ZDlmMmU1NDMzZWI5YjRjZTRiNTcyZjqABJUNAAAAAAAAAH2UjARjYXJ0lH2Ucy4=	2019-03-20 16:04:56.188868+03
qgotl0ysde89ovzqye6330u1qdbofmdx	ZjUzMzNhNzM2NWI3MTI2Y2M2ZDlmMmU1NDMzZWI5YjRjZTRiNTcyZjqABJUNAAAAAAAAAH2UjARjYXJ0lH2Ucy4=	2019-03-21 19:36:08.320251+03
bxcf0i59etv5wc0v3837xl1uguixq00j	ZjUzMzNhNzM2NWI3MTI2Y2M2ZDlmMmU1NDMzZWI5YjRjZTRiNTcyZjqABJUNAAAAAAAAAH2UjARjYXJ0lH2Ucy4=	2019-03-20 16:18:28.715734+03
ia6g136ejgycgx75efe500fhasnq0x96	ZjUzMzNhNzM2NWI3MTI2Y2M2ZDlmMmU1NDMzZWI5YjRjZTRiNTcyZjqABJUNAAAAAAAAAH2UjARjYXJ0lH2Ucy4=	2019-03-20 16:38:01.614618+03
7ikxxyc3eyr0o2haopjxhv0k9u9l8sym	ZjUzMzNhNzM2NWI3MTI2Y2M2ZDlmMmU1NDMzZWI5YjRjZTRiNTcyZjqABJUNAAAAAAAAAH2UjARjYXJ0lH2Ucy4=	2019-03-20 16:57:36.965749+03
6f6n9z4uony362fqkmzm62sz2c2ifjqd	ZjUzMzNhNzM2NWI3MTI2Y2M2ZDlmMmU1NDMzZWI5YjRjZTRiNTcyZjqABJUNAAAAAAAAAH2UjARjYXJ0lH2Ucy4=	2019-03-20 17:58:18.145355+03
q9i8yk1it3ouheqpteaschpus00w8irn	ZjUzMzNhNzM2NWI3MTI2Y2M2ZDlmMmU1NDMzZWI5YjRjZTRiNTcyZjqABJUNAAAAAAAAAH2UjARjYXJ0lH2Ucy4=	2019-03-20 18:00:02.939523+03
nt26veu37v4vrrm19pq44tojphh0tk5m	ZjUzMzNhNzM2NWI3MTI2Y2M2ZDlmMmU1NDMzZWI5YjRjZTRiNTcyZjqABJUNAAAAAAAAAH2UjARjYXJ0lH2Ucy4=	2019-03-20 18:30:58.469194+03
wusmhj6t7xqzt9bd1smi39bnf89dtzh9	ZjUzMzNhNzM2NWI3MTI2Y2M2ZDlmMmU1NDMzZWI5YjRjZTRiNTcyZjqABJUNAAAAAAAAAH2UjARjYXJ0lH2Ucy4=	2019-03-20 18:55:18.723879+03
vfz21l2dp9knpt075w1n2wwvzb3zb3sd	ZjUzMzNhNzM2NWI3MTI2Y2M2ZDlmMmU1NDMzZWI5YjRjZTRiNTcyZjqABJUNAAAAAAAAAH2UjARjYXJ0lH2Ucy4=	2019-03-20 19:07:38.502919+03
7vox5x4zdusi35kp55udp4prxqee8b07	ZjUzMzNhNzM2NWI3MTI2Y2M2ZDlmMmU1NDMzZWI5YjRjZTRiNTcyZjqABJUNAAAAAAAAAH2UjARjYXJ0lH2Ucy4=	2019-03-20 20:53:07.074961+03
q674qib8fczwc4dtl8p5ffc5eh9ki0b5	ZjUzMzNhNzM2NWI3MTI2Y2M2ZDlmMmU1NDMzZWI5YjRjZTRiNTcyZjqABJUNAAAAAAAAAH2UjARjYXJ0lH2Ucy4=	2019-03-20 21:39:36.713276+03
9sfo199f6akbq4m6l3uh6c4nu9uap8iu	ZjUzMzNhNzM2NWI3MTI2Y2M2ZDlmMmU1NDMzZWI5YjRjZTRiNTcyZjqABJUNAAAAAAAAAH2UjARjYXJ0lH2Ucy4=	2019-03-20 22:45:52.851998+03
7ynr8umnypur9ekz2ewgtwuixgt518gw	ZjUzMzNhNzM2NWI3MTI2Y2M2ZDlmMmU1NDMzZWI5YjRjZTRiNTcyZjqABJUNAAAAAAAAAH2UjARjYXJ0lH2Ucy4=	2019-03-20 23:47:19.26065+03
eool3gm01im35r6otruh916nhoendhx8	ZjUzMzNhNzM2NWI3MTI2Y2M2ZDlmMmU1NDMzZWI5YjRjZTRiNTcyZjqABJUNAAAAAAAAAH2UjARjYXJ0lH2Ucy4=	2019-03-21 00:04:30.626559+03
kwb53aud9hsvzs8w0rkwzc47khk7bc56	ZjUzMzNhNzM2NWI3MTI2Y2M2ZDlmMmU1NDMzZWI5YjRjZTRiNTcyZjqABJUNAAAAAAAAAH2UjARjYXJ0lH2Ucy4=	2019-03-21 02:30:24.26115+03
7mlt8ckdrxejlept6k27putjap4d3tz6	ZjUzMzNhNzM2NWI3MTI2Y2M2ZDlmMmU1NDMzZWI5YjRjZTRiNTcyZjqABJUNAAAAAAAAAH2UjARjYXJ0lH2Ucy4=	2019-03-21 03:08:21.819193+03
fwxafqwpsv798a9inwqu02uyn87yrvn2	ZjUzMzNhNzM2NWI3MTI2Y2M2ZDlmMmU1NDMzZWI5YjRjZTRiNTcyZjqABJUNAAAAAAAAAH2UjARjYXJ0lH2Ucy4=	2019-03-21 03:09:38.562221+03
ipkcocwgducm3slzz0aocjy8uqmefsii	ZjUzMzNhNzM2NWI3MTI2Y2M2ZDlmMmU1NDMzZWI5YjRjZTRiNTcyZjqABJUNAAAAAAAAAH2UjARjYXJ0lH2Ucy4=	2019-03-21 03:33:17.094735+03
65oava88c7zqltxmb7ju3u069n9oqy21	ZjUzMzNhNzM2NWI3MTI2Y2M2ZDlmMmU1NDMzZWI5YjRjZTRiNTcyZjqABJUNAAAAAAAAAH2UjARjYXJ0lH2Ucy4=	2019-03-21 04:23:23.854523+03
ctbl9f8x07vkiklrjwi72rgd3qqlhm7h	ZjUzMzNhNzM2NWI3MTI2Y2M2ZDlmMmU1NDMzZWI5YjRjZTRiNTcyZjqABJUNAAAAAAAAAH2UjARjYXJ0lH2Ucy4=	2019-03-21 05:00:01.186923+03
7pn21jo6f8dephtysi1qt9lo2xgwkw13	ZjUzMzNhNzM2NWI3MTI2Y2M2ZDlmMmU1NDMzZWI5YjRjZTRiNTcyZjqABJUNAAAAAAAAAH2UjARjYXJ0lH2Ucy4=	2019-03-21 05:00:01.623312+03
rzbl5l6435ybywjav9yr3uimnfg8y2am	ZjUzMzNhNzM2NWI3MTI2Y2M2ZDlmMmU1NDMzZWI5YjRjZTRiNTcyZjqABJUNAAAAAAAAAH2UjARjYXJ0lH2Ucy4=	2019-03-21 05:14:43.925762+03
y5eqrfw07mceim92preesc1ahtkp5c25	ZjUzMzNhNzM2NWI3MTI2Y2M2ZDlmMmU1NDMzZWI5YjRjZTRiNTcyZjqABJUNAAAAAAAAAH2UjARjYXJ0lH2Ucy4=	2019-03-21 05:52:04.865316+03
fo437klz98eqvuvhi06umo1sdxh9ed5y	ZjUzMzNhNzM2NWI3MTI2Y2M2ZDlmMmU1NDMzZWI5YjRjZTRiNTcyZjqABJUNAAAAAAAAAH2UjARjYXJ0lH2Ucy4=	2019-03-21 06:12:58.795692+03
npysicsmc56gvopnrzbt5e4uq827rqqa	ZjUzMzNhNzM2NWI3MTI2Y2M2ZDlmMmU1NDMzZWI5YjRjZTRiNTcyZjqABJUNAAAAAAAAAH2UjARjYXJ0lH2Ucy4=	2019-03-21 06:12:59.060838+03
h4527kk86w9d4n7vacy7mh3gjaoei1vf	ZjUzMzNhNzM2NWI3MTI2Y2M2ZDlmMmU1NDMzZWI5YjRjZTRiNTcyZjqABJUNAAAAAAAAAH2UjARjYXJ0lH2Ucy4=	2019-03-21 06:34:40.844471+03
7tykqd7h4uu17a9mazsz2ed09l6vnyb7	ZjUzMzNhNzM2NWI3MTI2Y2M2ZDlmMmU1NDMzZWI5YjRjZTRiNTcyZjqABJUNAAAAAAAAAH2UjARjYXJ0lH2Ucy4=	2019-03-21 06:34:40.854601+03
krc6f12nj6f5upat093zx7zh1tjdpd72	ZjUzMzNhNzM2NWI3MTI2Y2M2ZDlmMmU1NDMzZWI5YjRjZTRiNTcyZjqABJUNAAAAAAAAAH2UjARjYXJ0lH2Ucy4=	2019-03-21 07:18:34.021919+03
qxe50vtmlu63yd2rocupyz5fugrdufb2	ZjUzMzNhNzM2NWI3MTI2Y2M2ZDlmMmU1NDMzZWI5YjRjZTRiNTcyZjqABJUNAAAAAAAAAH2UjARjYXJ0lH2Ucy4=	2019-03-21 07:29:31.189719+03
l67hyl11ghrwm9auq2hi17f4r6nrx7tp	ZjUzMzNhNzM2NWI3MTI2Y2M2ZDlmMmU1NDMzZWI5YjRjZTRiNTcyZjqABJUNAAAAAAAAAH2UjARjYXJ0lH2Ucy4=	2019-03-21 08:00:25.059512+03
bwgbdpyzv780rlktqcnoha4lorwc1ge5	ZjUzMzNhNzM2NWI3MTI2Y2M2ZDlmMmU1NDMzZWI5YjRjZTRiNTcyZjqABJUNAAAAAAAAAH2UjARjYXJ0lH2Ucy4=	2019-03-21 09:11:26.294317+03
f2t0ngdfpxm4moei3l1rce5el530n8e7	ZjUzMzNhNzM2NWI3MTI2Y2M2ZDlmMmU1NDMzZWI5YjRjZTRiNTcyZjqABJUNAAAAAAAAAH2UjARjYXJ0lH2Ucy4=	2019-03-21 09:16:29.090949+03
pkfcqdr13r7b5ywmlpk41lcfbn9k9gam	ZjUzMzNhNzM2NWI3MTI2Y2M2ZDlmMmU1NDMzZWI5YjRjZTRiNTcyZjqABJUNAAAAAAAAAH2UjARjYXJ0lH2Ucy4=	2019-03-21 10:11:57.246785+03
bhbtgzn8qfcetj83cqep5f07yc17m5sn	ZjUzMzNhNzM2NWI3MTI2Y2M2ZDlmMmU1NDMzZWI5YjRjZTRiNTcyZjqABJUNAAAAAAAAAH2UjARjYXJ0lH2Ucy4=	2019-03-21 10:18:44.130602+03
spqa1cpt1361zw8hih1lqgq0fvqyj8ra	ZjUzMzNhNzM2NWI3MTI2Y2M2ZDlmMmU1NDMzZWI5YjRjZTRiNTcyZjqABJUNAAAAAAAAAH2UjARjYXJ0lH2Ucy4=	2019-03-21 10:21:07.616595+03
9i1pqecutwef2nv0816xha1d5mugvw6m	ZjUzMzNhNzM2NWI3MTI2Y2M2ZDlmMmU1NDMzZWI5YjRjZTRiNTcyZjqABJUNAAAAAAAAAH2UjARjYXJ0lH2Ucy4=	2019-03-21 10:27:58.127411+03
k1rhkmowclmoni2tym2fmdnolt3zvotm	ZjUzMzNhNzM2NWI3MTI2Y2M2ZDlmMmU1NDMzZWI5YjRjZTRiNTcyZjqABJUNAAAAAAAAAH2UjARjYXJ0lH2Ucy4=	2019-03-21 11:03:59.519547+03
momm2rmgnwdyaw64cdp8b1jm2c5e3mrr	ZjUzMzNhNzM2NWI3MTI2Y2M2ZDlmMmU1NDMzZWI5YjRjZTRiNTcyZjqABJUNAAAAAAAAAH2UjARjYXJ0lH2Ucy4=	2019-03-21 11:56:22.652901+03
qcza1hetgank9j27c8znifl3k87gjdrt	ZjUzMzNhNzM2NWI3MTI2Y2M2ZDlmMmU1NDMzZWI5YjRjZTRiNTcyZjqABJUNAAAAAAAAAH2UjARjYXJ0lH2Ucy4=	2019-03-21 11:56:57.290451+03
vvguh55ouheda1pyr9pbkskvzw4b8r7d	ZjUzMzNhNzM2NWI3MTI2Y2M2ZDlmMmU1NDMzZWI5YjRjZTRiNTcyZjqABJUNAAAAAAAAAH2UjARjYXJ0lH2Ucy4=	2019-03-21 12:45:18.242655+03
425okfvqxn10rhk39rxmyjjt38xq8tfk	ZjUzMzNhNzM2NWI3MTI2Y2M2ZDlmMmU1NDMzZWI5YjRjZTRiNTcyZjqABJUNAAAAAAAAAH2UjARjYXJ0lH2Ucy4=	2019-03-22 10:35:19.183246+03
v7tkmb4a2mp2b8vqoibi5uz0g3bve5z0	ZjUzMzNhNzM2NWI3MTI2Y2M2ZDlmMmU1NDMzZWI5YjRjZTRiNTcyZjqABJUNAAAAAAAAAH2UjARjYXJ0lH2Ucy4=	2019-03-22 12:37:56.518103+03
jq2g93b615k3qnc3jpkirpzrcptau0xg	ZjUzMzNhNzM2NWI3MTI2Y2M2ZDlmMmU1NDMzZWI5YjRjZTRiNTcyZjqABJUNAAAAAAAAAH2UjARjYXJ0lH2Ucy4=	2019-03-21 13:24:21.528977+03
lxgmmzh51sku8iw7o97zmjlqzuderlvc	ZjUzMzNhNzM2NWI3MTI2Y2M2ZDlmMmU1NDMzZWI5YjRjZTRiNTcyZjqABJUNAAAAAAAAAH2UjARjYXJ0lH2Ucy4=	2019-03-22 12:17:16.509495+03
3s59o1o2n0w5xidx3yomrwjszfpg2unn	ZjUzMzNhNzM2NWI3MTI2Y2M2ZDlmMmU1NDMzZWI5YjRjZTRiNTcyZjqABJUNAAAAAAAAAH2UjARjYXJ0lH2Ucy4=	2019-03-22 12:38:05.45712+03
05edrxmg66ijdoqqtaphovp55gqkz7qr	ZDNlNTM3YjdiOGY5ZDEzYjEwNThjYzcxYzEzOWE5MjdhN2NhYTJmNzqABJU4BAAAAAAAAH2UKIwNX2F1dGhfdXNlcl9pZJSMATGUjBJfYXV0aF91c2VyX2JhY2tlbmSUjClkamFuZ28uY29udHJpYi5hdXRoLmJhY2tlbmRzLk1vZGVsQmFja2VuZJSMBGNhcnSUfZSMAjE2lH2UKIwHcHJvZHVjdJSMFWRqYW5nby5kYi5tb2RlbHMuYmFzZZSMDm1vZGVsX3VucGlja2xllJOUjAtwcm9kdWN0c2FwcJSMB1Byb2R1Y3SUhpSFlFKUfZQojA9jb3Btb3NpdGlvbnNfaWSUSwmMAmlklEsQjARuYW1llIwSRnJhbWUgV2hpdGUgNDXRhTQ1lIwGaGVpZ2h0lIwHZGVjaW1hbJSMB0RlY2ltYWyUk5SMBTQ1LjAwlIWUUpSMBndlaWdodJRoGowFMzAuMDCUhZRSlIwGX3N0YXRllGgKjApNb2RlbFN0YXRllJOUKYGUfZQojAZhZGRpbmeUiYwCZGKUjAdkZWZhdWx0lIwMZmllbGRzX2NhY2hllH2UjAhjYXRlZ29yeZRoDGgNjA9Qcm9kdWN0Q2F0ZWdvcnmUhpSFlFKUfZQoaCJoJCmBlH2UKGgniWgoaCl1YowPX2RqYW5nb192ZXJzaW9ulIwFMi4xLjWUaBRLAWgVjCXQmtC10YDQsNC80LjRh9C10YHQutCw0Y8g0L/Qu9C40YLQutCwlIwEc2x1Z5SMFWtlcmFtaWNoZXNrYXlhLXBsaXRrYZR1YnN1YowNY29sbGVjdGlvbl9pZJRLBIwEaGl0c5RLAIwEYXJlYZRoGowEMS40MpSFlFKUjAtkZXNjcmlwdGlvbpSMAJSMBXdpZHRolGgajAU0NS4wMJSFlFKUjAdhcnRpY2xllIwFMjM0NTaUjAtjYXRlZ29yeV9pZJRLAWg3jBFmcmFtZS13aGl0ZS00NWg0NZSMCWF2YWlsYWJsZZSIjAtjb2xfaW5fdXBhY5RLB2g0jAUyLjEuNZSMBXN0b2NrlEsAjAhjb2xvcl9pZJRLAYwKc3VyZmFjZV9pZJRLAYwFaW1hZ2WUjB1kamFuZ28uZGIubW9kZWxzLmZpZWxkcy5maWxlc5SMDkltYWdlRmllbGRGaWxllJOUKYGUfZQojApfY29tbWl0dGVklIiMBV9maWxllE5oFYwxcHJvZHVjdHMvMjNkNzNlYTQtYmMxNC00OWQ5LTk3NDctYzg3OWRlMGEwZTAwLmpwZ5SMBmNsb3NlZJSJdWKMBXByaWNllGgajAcxNDU2LjAwlIWUUpR1YowLdG90YWxfcHJpY2WUaBqMBzcyODAuMDCUhZRSlGhZaBqMBzE0NTYuMDCUhZRSlIwIcXVhbnRpdHmUSwV1c4wPX2F1dGhfdXNlcl9oYXNolIwoMDNjODg5YTlmYThmODcxZjE0NDkyZWQzMmIxMWNjMWFjNGY2ZDA3OJR1Lg==	2019-03-22 13:01:23.118257+03
i7oclf1qcvx64xio4jpaqnelvfhsh2ja	ZjUzMzNhNzM2NWI3MTI2Y2M2ZDlmMmU1NDMzZWI5YjRjZTRiNTcyZjqABJUNAAAAAAAAAH2UjARjYXJ0lH2Ucy4=	2019-03-21 14:49:01.222323+03
ybjf2gvqxpw815bvob1ac0wpb17y2znw	ZjUzMzNhNzM2NWI3MTI2Y2M2ZDlmMmU1NDMzZWI5YjRjZTRiNTcyZjqABJUNAAAAAAAAAH2UjARjYXJ0lH2Ucy4=	2019-03-21 15:01:26.376901+03
0mfv6u5w82ypby3qvj8cu3eecj7tr1k5	MWQxNGU0NDI2ZWNmNjFhZDNiNjA5MDU2MDhjYmZlMGIxZDcyNDg1ODqABJWgAAAAAAAAAH2UKIwNX2F1dGhfdXNlcl9pZJSMATGUjA9fYXV0aF91c2VyX2hhc2iUjCgwM2M4ODlhOWZhOGY4NzFmMTQ0OTJlZDMyYjExY2MxYWM0ZjZkMDc4lIwSX2F1dGhfdXNlcl9iYWNrZW5klIwpZGphbmdvLmNvbnRyaWIuYXV0aC5iYWNrZW5kcy5Nb2RlbEJhY2tlbmSUjARjYXJ0lH2UdS4=	2019-03-21 15:41:02.182221+03
8lwoyg4z9wditv6p3h4kxv0rd69u5abc	ZjUzMzNhNzM2NWI3MTI2Y2M2ZDlmMmU1NDMzZWI5YjRjZTRiNTcyZjqABJUNAAAAAAAAAH2UjARjYXJ0lH2Ucy4=	2019-03-21 15:49:41.963755+03
82fcy9vgypclhh13szmenzrj7aq9h58n	ZjUzMzNhNzM2NWI3MTI2Y2M2ZDlmMmU1NDMzZWI5YjRjZTRiNTcyZjqABJUNAAAAAAAAAH2UjARjYXJ0lH2Ucy4=	2019-03-21 18:12:27.037311+03
kt1h1jkh3cpvw3rg2n0q9sjbp02geceo	ZjUzMzNhNzM2NWI3MTI2Y2M2ZDlmMmU1NDMzZWI5YjRjZTRiNTcyZjqABJUNAAAAAAAAAH2UjARjYXJ0lH2Ucy4=	2019-03-21 18:15:25.382395+03
4ut4j1ehrz8gjwjf3mywhpt825865ast	ZjUzMzNhNzM2NWI3MTI2Y2M2ZDlmMmU1NDMzZWI5YjRjZTRiNTcyZjqABJUNAAAAAAAAAH2UjARjYXJ0lH2Ucy4=	2019-03-21 18:16:02.118532+03
iu0rlnz53mus03m38xrrtznpy03gsuam	ZjUzMzNhNzM2NWI3MTI2Y2M2ZDlmMmU1NDMzZWI5YjRjZTRiNTcyZjqABJUNAAAAAAAAAH2UjARjYXJ0lH2Ucy4=	2019-03-21 18:16:57.258984+03
5y39k2d2ojm64qveabipygaj4561lidk	ZjUzMzNhNzM2NWI3MTI2Y2M2ZDlmMmU1NDMzZWI5YjRjZTRiNTcyZjqABJUNAAAAAAAAAH2UjARjYXJ0lH2Ucy4=	2019-03-21 18:21:00.890169+03
vkm408948rrwpc58lo28uajubzjw10v9	ZjUzMzNhNzM2NWI3MTI2Y2M2ZDlmMmU1NDMzZWI5YjRjZTRiNTcyZjqABJUNAAAAAAAAAH2UjARjYXJ0lH2Ucy4=	2019-03-21 18:33:35.768901+03
tyjkk4rstbq9mgii12me78sh6hxgjucq	ZjUzMzNhNzM2NWI3MTI2Y2M2ZDlmMmU1NDMzZWI5YjRjZTRiNTcyZjqABJUNAAAAAAAAAH2UjARjYXJ0lH2Ucy4=	2019-03-21 19:34:34.588711+03
a7b93f2tcse4mr2b14a0tw7bxy6erzw5	ZjUzMzNhNzM2NWI3MTI2Y2M2ZDlmMmU1NDMzZWI5YjRjZTRiNTcyZjqABJUNAAAAAAAAAH2UjARjYXJ0lH2Ucy4=	2019-03-21 19:35:15.395542+03
903jrx2wqvlo3l6lnk0y68araaz8972q	ZjUzMzNhNzM2NWI3MTI2Y2M2ZDlmMmU1NDMzZWI5YjRjZTRiNTcyZjqABJUNAAAAAAAAAH2UjARjYXJ0lH2Ucy4=	2019-03-21 19:45:15.94402+03
hxebi9lpmcwnnx9w4pgzbw6as6dq5pfq	ZjUzMzNhNzM2NWI3MTI2Y2M2ZDlmMmU1NDMzZWI5YjRjZTRiNTcyZjqABJUNAAAAAAAAAH2UjARjYXJ0lH2Ucy4=	2019-03-21 19:47:58.170961+03
07gvdu1rxnmk7y1m8kpky67f0mviboar	ZjUzMzNhNzM2NWI3MTI2Y2M2ZDlmMmU1NDMzZWI5YjRjZTRiNTcyZjqABJUNAAAAAAAAAH2UjARjYXJ0lH2Ucy4=	2019-03-21 19:57:04.179013+03
c1m08w13kklhc031xk1s5x24by9sw8gx	ZjUzMzNhNzM2NWI3MTI2Y2M2ZDlmMmU1NDMzZWI5YjRjZTRiNTcyZjqABJUNAAAAAAAAAH2UjARjYXJ0lH2Ucy4=	2019-03-21 20:03:59.932159+03
g5nc4crns1sp602vpkl93k94px2kg67g	ZjUzMzNhNzM2NWI3MTI2Y2M2ZDlmMmU1NDMzZWI5YjRjZTRiNTcyZjqABJUNAAAAAAAAAH2UjARjYXJ0lH2Ucy4=	2019-03-21 23:09:46.934146+03
fwuvd39bh999h3pkv4ivyanozvpa1ha2	ZjUzMzNhNzM2NWI3MTI2Y2M2ZDlmMmU1NDMzZWI5YjRjZTRiNTcyZjqABJUNAAAAAAAAAH2UjARjYXJ0lH2Ucy4=	2019-03-22 00:15:32.931405+03
c4s6q09keez6wx9b8lp4opwnzz1xkcat	ZjUzMzNhNzM2NWI3MTI2Y2M2ZDlmMmU1NDMzZWI5YjRjZTRiNTcyZjqABJUNAAAAAAAAAH2UjARjYXJ0lH2Ucy4=	2019-03-22 00:37:07.882434+03
f36udvkfqmjds0g97nx9debyc1ht1wxr	ZjUzMzNhNzM2NWI3MTI2Y2M2ZDlmMmU1NDMzZWI5YjRjZTRiNTcyZjqABJUNAAAAAAAAAH2UjARjYXJ0lH2Ucy4=	2019-03-22 00:39:54.374625+03
ff1r5ysvcum0p7ax48py202qzyo8p5vd	ZjUzMzNhNzM2NWI3MTI2Y2M2ZDlmMmU1NDMzZWI5YjRjZTRiNTcyZjqABJUNAAAAAAAAAH2UjARjYXJ0lH2Ucy4=	2019-03-22 00:39:58.278969+03
hrfs51mw1skvdmhqsmpp7m14sfqb3dl2	ZjUzMzNhNzM2NWI3MTI2Y2M2ZDlmMmU1NDMzZWI5YjRjZTRiNTcyZjqABJUNAAAAAAAAAH2UjARjYXJ0lH2Ucy4=	2019-03-22 01:19:00.691187+03
zglz0mhujrbtz3n02xz47xmrg5f0uadu	ZjUzMzNhNzM2NWI3MTI2Y2M2ZDlmMmU1NDMzZWI5YjRjZTRiNTcyZjqABJUNAAAAAAAAAH2UjARjYXJ0lH2Ucy4=	2019-03-22 02:41:06.400905+03
sszvzs60daqeur37ob7qdk9tun0kwcur	ZjUzMzNhNzM2NWI3MTI2Y2M2ZDlmMmU1NDMzZWI5YjRjZTRiNTcyZjqABJUNAAAAAAAAAH2UjARjYXJ0lH2Ucy4=	2019-03-22 03:18:21.658523+03
divsw1xn1ovgk0etgfjtzkcycpsflx4w	ZjUzMzNhNzM2NWI3MTI2Y2M2ZDlmMmU1NDMzZWI5YjRjZTRiNTcyZjqABJUNAAAAAAAAAH2UjARjYXJ0lH2Ucy4=	2019-03-22 03:34:04.06483+03
ykf9pg3jfosq3awvtqkgk0aaz2xrgni9	ZjUzMzNhNzM2NWI3MTI2Y2M2ZDlmMmU1NDMzZWI5YjRjZTRiNTcyZjqABJUNAAAAAAAAAH2UjARjYXJ0lH2Ucy4=	2019-03-22 03:41:13.524014+03
mnewazy7n558qm7i18mn6e1e6daigela	ZjUzMzNhNzM2NWI3MTI2Y2M2ZDlmMmU1NDMzZWI5YjRjZTRiNTcyZjqABJUNAAAAAAAAAH2UjARjYXJ0lH2Ucy4=	2019-03-22 03:42:36.662072+03
ph5wxrqv4uc8ug8divcu6a1d81hofw4z	ZjUzMzNhNzM2NWI3MTI2Y2M2ZDlmMmU1NDMzZWI5YjRjZTRiNTcyZjqABJUNAAAAAAAAAH2UjARjYXJ0lH2Ucy4=	2019-03-22 04:17:53.501667+03
1onvmjz54x18dtgb5znrbg0wiaxc6sdw	ZjUzMzNhNzM2NWI3MTI2Y2M2ZDlmMmU1NDMzZWI5YjRjZTRiNTcyZjqABJUNAAAAAAAAAH2UjARjYXJ0lH2Ucy4=	2019-03-22 04:32:54.927011+03
m4xeo68ax5i91bx8v56p8j370vgdkx3z	ZjUzMzNhNzM2NWI3MTI2Y2M2ZDlmMmU1NDMzZWI5YjRjZTRiNTcyZjqABJUNAAAAAAAAAH2UjARjYXJ0lH2Ucy4=	2019-03-22 05:24:53.949531+03
dqhvr28r19ysrbtsiu9l7ef8m4wmn99b	ZjUzMzNhNzM2NWI3MTI2Y2M2ZDlmMmU1NDMzZWI5YjRjZTRiNTcyZjqABJUNAAAAAAAAAH2UjARjYXJ0lH2Ucy4=	2019-03-22 06:31:52.757574+03
p6e4dn5463tzh2my72c5e89ce5kvc0nf	ZjUzMzNhNzM2NWI3MTI2Y2M2ZDlmMmU1NDMzZWI5YjRjZTRiNTcyZjqABJUNAAAAAAAAAH2UjARjYXJ0lH2Ucy4=	2019-03-22 07:35:48.055082+03
xtwvuil55xbyi3aiy92c3dmh4habsz7s	ZjUzMzNhNzM2NWI3MTI2Y2M2ZDlmMmU1NDMzZWI5YjRjZTRiNTcyZjqABJUNAAAAAAAAAH2UjARjYXJ0lH2Ucy4=	2019-03-22 07:49:31.991813+03
40sjafxvrqp6mm8fcucf89f7dumodwpf	ZjUzMzNhNzM2NWI3MTI2Y2M2ZDlmMmU1NDMzZWI5YjRjZTRiNTcyZjqABJUNAAAAAAAAAH2UjARjYXJ0lH2Ucy4=	2019-03-22 08:30:01.881286+03
2royyflbcv3eqambxuvxpsqbhsu0pocx	ZjUzMzNhNzM2NWI3MTI2Y2M2ZDlmMmU1NDMzZWI5YjRjZTRiNTcyZjqABJUNAAAAAAAAAH2UjARjYXJ0lH2Ucy4=	2019-03-22 09:00:49.306741+03
c6wl15mmj4keixtghcu0hzb5j4mh65a2	ZjUzMzNhNzM2NWI3MTI2Y2M2ZDlmMmU1NDMzZWI5YjRjZTRiNTcyZjqABJUNAAAAAAAAAH2UjARjYXJ0lH2Ucy4=	2019-03-22 09:17:33.18554+03
jmtxu7cuyy3aprjtqjw5q0np7o06dqry	ZjUzMzNhNzM2NWI3MTI2Y2M2ZDlmMmU1NDMzZWI5YjRjZTRiNTcyZjqABJUNAAAAAAAAAH2UjARjYXJ0lH2Ucy4=	2019-03-22 09:28:29.26309+03
8lnt4w4lrnth3ol1ngil7hwgzpbr1gif	ZjUzMzNhNzM2NWI3MTI2Y2M2ZDlmMmU1NDMzZWI5YjRjZTRiNTcyZjqABJUNAAAAAAAAAH2UjARjYXJ0lH2Ucy4=	2019-03-22 09:54:08.41702+03
8a9i90q8u77gky0vo0bg3xnwkwadbdis	ZjUzMzNhNzM2NWI3MTI2Y2M2ZDlmMmU1NDMzZWI5YjRjZTRiNTcyZjqABJUNAAAAAAAAAH2UjARjYXJ0lH2Ucy4=	2019-03-22 10:29:37.546667+03
\.


--
-- Data for Name: ordersapp_order; Type: TABLE DATA; Schema: public; Owner: adminadmin
--

COPY public.ordersapp_order (id, name, familiya, otchestvo, phone, email, address, comment, created, updated, status, delivery, payment, paid, id_order) FROM stdin;
\.


--
-- Name: ordersapp_order_id_seq; Type: SEQUENCE SET; Schema: public; Owner: adminadmin
--

SELECT pg_catalog.setval('public.ordersapp_order_id_seq', 17, true);


--
-- Data for Name: ordersapp_orderitem; Type: TABLE DATA; Schema: public; Owner: adminadmin
--

COPY public.ordersapp_orderitem (id, price, quantity, order_id, product_id) FROM stdin;
\.


--
-- Name: ordersapp_orderitem_id_seq; Type: SEQUENCE SET; Schema: public; Owner: adminadmin
--

SELECT pg_catalog.setval('public.ordersapp_orderitem_id_seq', 29, true);


--
-- Data for Name: productsapp_compositionscollection; Type: TABLE DATA; Schema: public; Owner: adminadmin
--

COPY public.productsapp_compositionscollection (id, name_id, collection_id) FROM stdin;
1	1	1
2	2	1
3	3	1
4	4	1
6	1	3
7	3	3
8	1	4
9	2	4
\.


--
-- Name: productsapp_compositionscollection_id_seq; Type: SEQUENCE SET; Schema: public; Owner: adminadmin
--

SELECT pg_catalog.setval('public.productsapp_compositionscollection_id_seq', 9, true);


--
-- Data for Name: productsapp_product; Type: TABLE DATA; Schema: public; Owner: adminadmin
--

COPY public.productsapp_product (id, article, name, slug, image, description, price, height, width, col_in_upac, area, stock, available, hits, category_id, collection_id, color_id, copmositions_id, surface_id, weight) FROM stdin;
1	11111	Lisa Décor White 25,3х70,6	lisa-decor-white-253h706	products/c54e896e9317cfaaf4c5126c7a32bf1e.jpg		1064.00	70.60	25.30	8	1.43	1	t	0	1	1	1	1	1	\N
2	13664	Lisa Décor Aubergine 25,3х70,6	lisa-decor-aubergine-253h706	products/a3d6ea54edee0ef773d71ccfc6ddba6f.jpg		692.00	70.60	25.30	8	1.43	1	t	0	1	1	2	1	1	\N
3	12894	Lisa Duo Aubergine 40х40	lisa-duo-aubergine-40h40	products/5effeb17a68597bb75b8e06298e8ee10.jpg		1938.00	40.00	40.00	8	1.28	1	t	0	1	1	2	2	1	\N
4	464354	Lisa Duo White 40х40	lisa-duo-white-40h40	products/ef7d5e4000fd7db6439b426edd50909c.jpg		1938.00	40.00	40.00	8	1.28	1	t	0	1	1	1	2	1	\N
5	76546	Lisa Zocalo Lisa Aubergine 15х25.3	lisa-zocalo-lisa-aubergine-15h253	products/9dfa98dcefa9e8f11329e8040da9d11d.jpg		114.00	25.30	15.00	1	0.04	1	t	0	1	1	2	3	1	\N
6	32423	Lisa Cenefa Lisa Aubergine Mix (2 вида) 7x25,3	lisa-cenefa-lisa-aubergine-mix-2-vida-7x253	products/9b9500ffb91da699cd9c9a297296d165.jpg		1357.00	25.30	7.00	1	0.02	1	t	0	1	1	2	3	1	\N
7	98775	Lisa Taco Lisa Aubergine 8,5 х 17	lisa-taco-lisa-aubergine-85-h-17	products/c337a4b10f209685ee93a0ad4c7f2ead.jpg		46.00	17.00	8.50	1	0.01	1	t	0	1	1	2	4	1	\N
8	54443	Lisa Taco Lisa White 8,5 х 17	lisa-taco-lisa-white-85-h-17	products/da2e9e9421274097973c448c9db8da89.jpg		46.00	17.00	8.50	1	0.01	1	t	0	1	1	1	4	1	\N
10	65654	Frame Decor Taupe 25х50	frame-decor-taupe-25h50	products/e4dc7227-8b4f-4536-8cb9-2c022681812a.jpg		966.00	25.00	50.00	14	1.75	0	t	0	1	4	3	8	1	23.00
11	53432	Frame Decor Sand 25х50	frame-decor-sand-25h50	products/b7b70b98-a39b-4a02-aa4d-8a80b2ba09fa.jpg		966.00	25.00	50.00	14	1.75	1	t	0	1	4	3	8	1	23.00
12	23424	Frame Decor Grey 25х50	frame-decor-grey-25h50	products/6e11fef0-c218-487d-9724-383d54190b6e.jpg		966.00	25.00	50.00	14	1.75	1	t	0	1	4	4	8	1	23.00
13	64432	Frame Decor White 25х50	frame-decor-white-25h50	products/f5c8277e-5eee-4e85-89a8-4def73860a23.jpg		966.00	25.00	50.00	14	1.75	1	t	0	1	4	1	8	1	23.00
14	98765	Frame White 25х50	frame-white-25h50	products/202ac223-9373-4bd6-a38b-3f33701e284e.jpg		1184.00	25.00	50.00	14	1.75	1	t	0	1	4	1	8	1	23.00
15	64285	Frame Sand 25х50	frame-sand-25h50	products/0bffae6d-8782-4d0e-ae8c-2006dd429f07.jpg		1184.00	25.00	50.00	14	1.75	1	t	0	1	4	3	8	1	23.00
18	56476	Frame Grey 45х45	frame-grey-45h45	products/64103f01-b1ad-4918-aedd-88adff667ce7.jpg		1506.00	45.00	45.00	7	1.42	0	t	0	1	4	4	9	1	30.00
17	78678	Frame Sand 45х45	frame-sand-45h45	products/92a46254-3b5d-45bd-8666-f20fb3d41012.jpg		1506.00	45.00	45.00	7	1.42	1	t	0	1	4	3	9	1	30.00
16	23456	Frame White 45х45	frame-white-45h45	products/23d73ea4-bc14-49d9-9747-c879de0a0e00.jpg		1456.00	45.00	45.00	7	1.42	0	t	0	1	4	1	9	1	30.00
\.


--
-- Name: productsapp_product_id_seq; Type: SEQUENCE SET; Schema: public; Owner: adminadmin
--

SELECT pg_catalog.setval('public.productsapp_product_id_seq', 18, true);


--
-- Data for Name: productsapp_productcategory; Type: TABLE DATA; Schema: public; Owner: adminadmin
--

COPY public.productsapp_productcategory (id, name, slug) FROM stdin;
1	Керамическая плитка	keramicheskaya-plitka
2	Декоративный камень	dekorativnyj-kamen
\.


--
-- Name: productsapp_productcategory_id_seq; Type: SEQUENCE SET; Schema: public; Owner: adminadmin
--

SELECT pg_catalog.setval('public.productsapp_productcategory_id_seq', 2, true);


--
-- Data for Name: productsapp_productcolor; Type: TABLE DATA; Schema: public; Owner: adminadmin
--

COPY public.productsapp_productcolor (id, name, slug) FROM stdin;
1	Белый	belyj
2	Коричневый	korichnevyj
3	Бежевый	bezhevyj
4	Серый	seryj
\.


--
-- Name: productsapp_productcolor_id_seq; Type: SEQUENCE SET; Schema: public; Owner: adminadmin
--

SELECT pg_catalog.setval('public.productsapp_productcolor_id_seq', 4, true);


--
-- Data for Name: productsapp_productcountry; Type: TABLE DATA; Schema: public; Owner: adminadmin
--

COPY public.productsapp_productcountry (id, name, slug) FROM stdin;
1	Испания	ispaniya
2	Россия	rossiya
\.


--
-- Name: productsapp_productcountry_id_seq; Type: SEQUENCE SET; Schema: public; Owner: adminadmin
--

SELECT pg_catalog.setval('public.productsapp_productcountry_id_seq', 2, true);


--
-- Data for Name: productsapp_productproizvoditel; Type: TABLE DATA; Schema: public; Owner: adminadmin
--

COPY public.productsapp_productproizvoditel (id, name, slug, productcountry_id, description, image) FROM stdin;
1	Mapisa	mapisa	1		
2	Ecostone	ecostone	2		
3	Argenta	argenta	1		
\.


--
-- Name: productsapp_productproizvoditel_id_seq; Type: SEQUENCE SET; Schema: public; Owner: adminadmin
--

SELECT pg_catalog.setval('public.productsapp_productproizvoditel_id_seq', 3, true);


--
-- Data for Name: productsapp_producttype; Type: TABLE DATA; Schema: public; Owner: adminadmin
--

COPY public.productsapp_producttype (id, name, slug) FROM stdin;
1	Настенная плитка	nastennaya-plitka
2	Напольная плитка	napolnaya-plitka
3	Бордюр	bordyur
4	Вставка	vstavka
5	Керамограни	keramograni
\.


--
-- Name: productsapp_producttype_id_seq; Type: SEQUENCE SET; Schema: public; Owner: adminadmin
--

SELECT pg_catalog.setval('public.productsapp_producttype_id_seq', 5, true);


--
-- Data for Name: productsapp_producttypesurface; Type: TABLE DATA; Schema: public; Owner: adminadmin
--

COPY public.productsapp_producttypesurface (id, name, slug) FROM stdin;
1	Матовая	matovaya
2	Натуральная	naturalnaya
\.


--
-- Name: productsapp_producttypesurface_id_seq; Type: SEQUENCE SET; Schema: public; Owner: adminadmin
--

SELECT pg_catalog.setval('public.productsapp_producttypesurface_id_seq', 2, true);


--
-- Data for Name: productsapp_productсollection; Type: TABLE DATA; Schema: public; Owner: adminadmin
--

COPY public."productsapp_productсollection" (id, name, slug, image, description, available, productcategory_id, productproizvoditel_id, novinka, sale) FROM stdin;
1	Коллекция Lisa Mapisa	kollekciya-lisa-mapisa	collections/fd2f7e513eed8b614bd022a9439e22e6.jpg	Коллекция плитки для ванной Lisa от испанского бренда – производителя первоклассной керамической плитки Mapisa представлена напольной и настенной плиткой в белом, бежевом и коричневом цветах с изображениями цветов и рельефными орнаментами, а также элегантными рельефными бордюрами и вставками. Предназначена для облицовки ванной комнаты и имеет матовую поверхность.	t	1	1	t	t
3	Canyon (натуральный камень)	canyon-naturalnyj-kamen	collections/bec5e6bd-0762-4486-840b-920a5e1a254f.PNG	Российский производитель « Ecostone» выпускает коллекцию из трех видов декоративной настенной плитки, имитирующую натуральную каменную кладку. Благодаря точным геометрическим параметрам 60х15см. и уникальной фактуре, можно легко и быстро облагородить ваш интерьер. Стоит обратить внимание на высокий уровень прочности материала, за счет чего данное облицовочное покрытие прослужит долгий период эксплуатации.	t	2	2	t	t
4	Коллекция Frame Argenta	kollekciya-frame-argenta	collections/b38f6206-7660-4370-aab8-631858d4c008.jpg	Испанский бренд Agrenta предлагает обновленную коллекцию настенной и напольной керамической плитки для создания поистине уникальных интерьеров в ванных комнатах, коридорах и прихожих. Набор представлен в приятном бежевом и кремовом оттенках, которые идеально впишутся в любой интерьер. Есть плитка со структурированным оформлением под мозаику.	t	1	3	t	t
\.


--
-- Name: productsapp_productсollection_id_seq; Type: SEQUENCE SET; Schema: public; Owner: adminadmin
--

SELECT pg_catalog.setval('public."productsapp_productсollection_id_seq"', 4, true);


--
-- Name: auth_group_name_key; Type: CONSTRAINT; Schema: public; Owner: adminadmin
--

ALTER TABLE ONLY public.auth_group
    ADD CONSTRAINT auth_group_name_key UNIQUE (name);


--
-- Name: auth_group_permissions_group_id_permission_id_0cd325b0_uniq; Type: CONSTRAINT; Schema: public; Owner: adminadmin
--

ALTER TABLE ONLY public.auth_group_permissions
    ADD CONSTRAINT auth_group_permissions_group_id_permission_id_0cd325b0_uniq UNIQUE (group_id, permission_id);


--
-- Name: auth_group_permissions_pkey; Type: CONSTRAINT; Schema: public; Owner: adminadmin
--

ALTER TABLE ONLY public.auth_group_permissions
    ADD CONSTRAINT auth_group_permissions_pkey PRIMARY KEY (id);


--
-- Name: auth_group_pkey; Type: CONSTRAINT; Schema: public; Owner: adminadmin
--

ALTER TABLE ONLY public.auth_group
    ADD CONSTRAINT auth_group_pkey PRIMARY KEY (id);


--
-- Name: auth_permission_content_type_id_codename_01ab375a_uniq; Type: CONSTRAINT; Schema: public; Owner: adminadmin
--

ALTER TABLE ONLY public.auth_permission
    ADD CONSTRAINT auth_permission_content_type_id_codename_01ab375a_uniq UNIQUE (content_type_id, codename);


--
-- Name: auth_permission_pkey; Type: CONSTRAINT; Schema: public; Owner: adminadmin
--

ALTER TABLE ONLY public.auth_permission
    ADD CONSTRAINT auth_permission_pkey PRIMARY KEY (id);


--
-- Name: auth_user_groups_pkey; Type: CONSTRAINT; Schema: public; Owner: adminadmin
--

ALTER TABLE ONLY public.auth_user_groups
    ADD CONSTRAINT auth_user_groups_pkey PRIMARY KEY (id);


--
-- Name: auth_user_groups_user_id_group_id_94350c0c_uniq; Type: CONSTRAINT; Schema: public; Owner: adminadmin
--

ALTER TABLE ONLY public.auth_user_groups
    ADD CONSTRAINT auth_user_groups_user_id_group_id_94350c0c_uniq UNIQUE (user_id, group_id);


--
-- Name: auth_user_pkey; Type: CONSTRAINT; Schema: public; Owner: adminadmin
--

ALTER TABLE ONLY public.auth_user
    ADD CONSTRAINT auth_user_pkey PRIMARY KEY (id);


--
-- Name: auth_user_user_permissions_pkey; Type: CONSTRAINT; Schema: public; Owner: adminadmin
--

ALTER TABLE ONLY public.auth_user_user_permissions
    ADD CONSTRAINT auth_user_user_permissions_pkey PRIMARY KEY (id);


--
-- Name: auth_user_user_permissions_user_id_permission_id_14a6b632_uniq; Type: CONSTRAINT; Schema: public; Owner: adminadmin
--

ALTER TABLE ONLY public.auth_user_user_permissions
    ADD CONSTRAINT auth_user_user_permissions_user_id_permission_id_14a6b632_uniq UNIQUE (user_id, permission_id);


--
-- Name: auth_user_username_key; Type: CONSTRAINT; Schema: public; Owner: adminadmin
--

ALTER TABLE ONLY public.auth_user
    ADD CONSTRAINT auth_user_username_key UNIQUE (username);


--
-- Name: django_admin_log_pkey; Type: CONSTRAINT; Schema: public; Owner: adminadmin
--

ALTER TABLE ONLY public.django_admin_log
    ADD CONSTRAINT django_admin_log_pkey PRIMARY KEY (id);


--
-- Name: django_content_type_app_label_model_76bd3d3b_uniq; Type: CONSTRAINT; Schema: public; Owner: adminadmin
--

ALTER TABLE ONLY public.django_content_type
    ADD CONSTRAINT django_content_type_app_label_model_76bd3d3b_uniq UNIQUE (app_label, model);


--
-- Name: django_content_type_pkey; Type: CONSTRAINT; Schema: public; Owner: adminadmin
--

ALTER TABLE ONLY public.django_content_type
    ADD CONSTRAINT django_content_type_pkey PRIMARY KEY (id);


--
-- Name: django_migrations_pkey; Type: CONSTRAINT; Schema: public; Owner: adminadmin
--

ALTER TABLE ONLY public.django_migrations
    ADD CONSTRAINT django_migrations_pkey PRIMARY KEY (id);


--
-- Name: django_session_pkey; Type: CONSTRAINT; Schema: public; Owner: adminadmin
--

ALTER TABLE ONLY public.django_session
    ADD CONSTRAINT django_session_pkey PRIMARY KEY (session_key);


--
-- Name: ordersapp_order_pkey; Type: CONSTRAINT; Schema: public; Owner: adminadmin
--

ALTER TABLE ONLY public.ordersapp_order
    ADD CONSTRAINT ordersapp_order_pkey PRIMARY KEY (id);


--
-- Name: ordersapp_orderitem_pkey; Type: CONSTRAINT; Schema: public; Owner: adminadmin
--

ALTER TABLE ONLY public.ordersapp_orderitem
    ADD CONSTRAINT ordersapp_orderitem_pkey PRIMARY KEY (id);


--
-- Name: productsapp_compositionscollection_pkey; Type: CONSTRAINT; Schema: public; Owner: adminadmin
--

ALTER TABLE ONLY public.productsapp_compositionscollection
    ADD CONSTRAINT productsapp_compositionscollection_pkey PRIMARY KEY (id);


--
-- Name: productsapp_product_pkey; Type: CONSTRAINT; Schema: public; Owner: adminadmin
--

ALTER TABLE ONLY public.productsapp_product
    ADD CONSTRAINT productsapp_product_pkey PRIMARY KEY (id);


--
-- Name: productsapp_productcategory_name_key; Type: CONSTRAINT; Schema: public; Owner: adminadmin
--

ALTER TABLE ONLY public.productsapp_productcategory
    ADD CONSTRAINT productsapp_productcategory_name_key UNIQUE (name);


--
-- Name: productsapp_productcategory_pkey; Type: CONSTRAINT; Schema: public; Owner: adminadmin
--

ALTER TABLE ONLY public.productsapp_productcategory
    ADD CONSTRAINT productsapp_productcategory_pkey PRIMARY KEY (id);


--
-- Name: productsapp_productcategory_slug_key; Type: CONSTRAINT; Schema: public; Owner: adminadmin
--

ALTER TABLE ONLY public.productsapp_productcategory
    ADD CONSTRAINT productsapp_productcategory_slug_key UNIQUE (slug);


--
-- Name: productsapp_productcolor_name_key; Type: CONSTRAINT; Schema: public; Owner: adminadmin
--

ALTER TABLE ONLY public.productsapp_productcolor
    ADD CONSTRAINT productsapp_productcolor_name_key UNIQUE (name);


--
-- Name: productsapp_productcolor_pkey; Type: CONSTRAINT; Schema: public; Owner: adminadmin
--

ALTER TABLE ONLY public.productsapp_productcolor
    ADD CONSTRAINT productsapp_productcolor_pkey PRIMARY KEY (id);


--
-- Name: productsapp_productcolor_slug_key; Type: CONSTRAINT; Schema: public; Owner: adminadmin
--

ALTER TABLE ONLY public.productsapp_productcolor
    ADD CONSTRAINT productsapp_productcolor_slug_key UNIQUE (slug);


--
-- Name: productsapp_productcountry_name_key; Type: CONSTRAINT; Schema: public; Owner: adminadmin
--

ALTER TABLE ONLY public.productsapp_productcountry
    ADD CONSTRAINT productsapp_productcountry_name_key UNIQUE (name);


--
-- Name: productsapp_productcountry_pkey; Type: CONSTRAINT; Schema: public; Owner: adminadmin
--

ALTER TABLE ONLY public.productsapp_productcountry
    ADD CONSTRAINT productsapp_productcountry_pkey PRIMARY KEY (id);


--
-- Name: productsapp_productcountry_slug_key; Type: CONSTRAINT; Schema: public; Owner: adminadmin
--

ALTER TABLE ONLY public.productsapp_productcountry
    ADD CONSTRAINT productsapp_productcountry_slug_key UNIQUE (slug);


--
-- Name: productsapp_productproizvoditel_name_key; Type: CONSTRAINT; Schema: public; Owner: adminadmin
--

ALTER TABLE ONLY public.productsapp_productproizvoditel
    ADD CONSTRAINT productsapp_productproizvoditel_name_key UNIQUE (name);


--
-- Name: productsapp_productproizvoditel_pkey; Type: CONSTRAINT; Schema: public; Owner: adminadmin
--

ALTER TABLE ONLY public.productsapp_productproizvoditel
    ADD CONSTRAINT productsapp_productproizvoditel_pkey PRIMARY KEY (id);


--
-- Name: productsapp_productproizvoditel_slug_key; Type: CONSTRAINT; Schema: public; Owner: adminadmin
--

ALTER TABLE ONLY public.productsapp_productproizvoditel
    ADD CONSTRAINT productsapp_productproizvoditel_slug_key UNIQUE (slug);


--
-- Name: productsapp_producttype_name_key; Type: CONSTRAINT; Schema: public; Owner: adminadmin
--

ALTER TABLE ONLY public.productsapp_producttype
    ADD CONSTRAINT productsapp_producttype_name_key UNIQUE (name);


--
-- Name: productsapp_producttype_pkey; Type: CONSTRAINT; Schema: public; Owner: adminadmin
--

ALTER TABLE ONLY public.productsapp_producttype
    ADD CONSTRAINT productsapp_producttype_pkey PRIMARY KEY (id);


--
-- Name: productsapp_producttype_slug_key; Type: CONSTRAINT; Schema: public; Owner: adminadmin
--

ALTER TABLE ONLY public.productsapp_producttype
    ADD CONSTRAINT productsapp_producttype_slug_key UNIQUE (slug);


--
-- Name: productsapp_producttypesurface_name_key; Type: CONSTRAINT; Schema: public; Owner: adminadmin
--

ALTER TABLE ONLY public.productsapp_producttypesurface
    ADD CONSTRAINT productsapp_producttypesurface_name_key UNIQUE (name);


--
-- Name: productsapp_producttypesurface_pkey; Type: CONSTRAINT; Schema: public; Owner: adminadmin
--

ALTER TABLE ONLY public.productsapp_producttypesurface
    ADD CONSTRAINT productsapp_producttypesurface_pkey PRIMARY KEY (id);


--
-- Name: productsapp_producttypesurface_slug_key; Type: CONSTRAINT; Schema: public; Owner: adminadmin
--

ALTER TABLE ONLY public.productsapp_producttypesurface
    ADD CONSTRAINT productsapp_producttypesurface_slug_key UNIQUE (slug);


--
-- Name: productsapp_productсollection_name_key; Type: CONSTRAINT; Schema: public; Owner: adminadmin
--

ALTER TABLE ONLY public."productsapp_productсollection"
    ADD CONSTRAINT "productsapp_productсollection_name_key" UNIQUE (name);


--
-- Name: productsapp_productсollection_pkey; Type: CONSTRAINT; Schema: public; Owner: adminadmin
--

ALTER TABLE ONLY public."productsapp_productсollection"
    ADD CONSTRAINT "productsapp_productсollection_pkey" PRIMARY KEY (id);


--
-- Name: productsapp_productсollection_slug_key; Type: CONSTRAINT; Schema: public; Owner: adminadmin
--

ALTER TABLE ONLY public."productsapp_productсollection"
    ADD CONSTRAINT "productsapp_productсollection_slug_key" UNIQUE (slug);


--
-- Name: auth_group_name_a6ea08ec_like; Type: INDEX; Schema: public; Owner: adminadmin
--

CREATE INDEX auth_group_name_a6ea08ec_like ON public.auth_group USING btree (name varchar_pattern_ops);


--
-- Name: auth_group_permissions_group_id_b120cbf9; Type: INDEX; Schema: public; Owner: adminadmin
--

CREATE INDEX auth_group_permissions_group_id_b120cbf9 ON public.auth_group_permissions USING btree (group_id);


--
-- Name: auth_group_permissions_permission_id_84c5c92e; Type: INDEX; Schema: public; Owner: adminadmin
--

CREATE INDEX auth_group_permissions_permission_id_84c5c92e ON public.auth_group_permissions USING btree (permission_id);


--
-- Name: auth_permission_content_type_id_2f476e4b; Type: INDEX; Schema: public; Owner: adminadmin
--

CREATE INDEX auth_permission_content_type_id_2f476e4b ON public.auth_permission USING btree (content_type_id);


--
-- Name: auth_user_groups_group_id_97559544; Type: INDEX; Schema: public; Owner: adminadmin
--

CREATE INDEX auth_user_groups_group_id_97559544 ON public.auth_user_groups USING btree (group_id);


--
-- Name: auth_user_groups_user_id_6a12ed8b; Type: INDEX; Schema: public; Owner: adminadmin
--

CREATE INDEX auth_user_groups_user_id_6a12ed8b ON public.auth_user_groups USING btree (user_id);


--
-- Name: auth_user_user_permissions_permission_id_1fbb5f2c; Type: INDEX; Schema: public; Owner: adminadmin
--

CREATE INDEX auth_user_user_permissions_permission_id_1fbb5f2c ON public.auth_user_user_permissions USING btree (permission_id);


--
-- Name: auth_user_user_permissions_user_id_a95ead1b; Type: INDEX; Schema: public; Owner: adminadmin
--

CREATE INDEX auth_user_user_permissions_user_id_a95ead1b ON public.auth_user_user_permissions USING btree (user_id);


--
-- Name: auth_user_username_6821ab7c_like; Type: INDEX; Schema: public; Owner: adminadmin
--

CREATE INDEX auth_user_username_6821ab7c_like ON public.auth_user USING btree (username varchar_pattern_ops);


--
-- Name: django_admin_log_content_type_id_c4bce8eb; Type: INDEX; Schema: public; Owner: adminadmin
--

CREATE INDEX django_admin_log_content_type_id_c4bce8eb ON public.django_admin_log USING btree (content_type_id);


--
-- Name: django_admin_log_user_id_c564eba6; Type: INDEX; Schema: public; Owner: adminadmin
--

CREATE INDEX django_admin_log_user_id_c564eba6 ON public.django_admin_log USING btree (user_id);


--
-- Name: django_session_expire_date_a5c62663; Type: INDEX; Schema: public; Owner: adminadmin
--

CREATE INDEX django_session_expire_date_a5c62663 ON public.django_session USING btree (expire_date);


--
-- Name: django_session_session_key_c0390e0f_like; Type: INDEX; Schema: public; Owner: adminadmin
--

CREATE INDEX django_session_session_key_c0390e0f_like ON public.django_session USING btree (session_key varchar_pattern_ops);


--
-- Name: ordersapp_orderitem_order_id_a1977ca1; Type: INDEX; Schema: public; Owner: adminadmin
--

CREATE INDEX ordersapp_orderitem_order_id_a1977ca1 ON public.ordersapp_orderitem USING btree (order_id);


--
-- Name: ordersapp_orderitem_product_id_163e3c97; Type: INDEX; Schema: public; Owner: adminadmin
--

CREATE INDEX ordersapp_orderitem_product_id_163e3c97 ON public.ordersapp_orderitem USING btree (product_id);


--
-- Name: productsapp_compositionscollection_collection_id_5d928225; Type: INDEX; Schema: public; Owner: adminadmin
--

CREATE INDEX productsapp_compositionscollection_collection_id_5d928225 ON public.productsapp_compositionscollection USING btree (collection_id);


--
-- Name: productsapp_compositionscollection_name_id_19d7ca4c; Type: INDEX; Schema: public; Owner: adminadmin
--

CREATE INDEX productsapp_compositionscollection_name_id_19d7ca4c ON public.productsapp_compositionscollection USING btree (name_id);


--
-- Name: productsapp_product_category_id_f9f4f57a; Type: INDEX; Schema: public; Owner: adminadmin
--

CREATE INDEX productsapp_product_category_id_f9f4f57a ON public.productsapp_product USING btree (category_id);


--
-- Name: productsapp_product_collection_id_c2cda512; Type: INDEX; Schema: public; Owner: adminadmin
--

CREATE INDEX productsapp_product_collection_id_c2cda512 ON public.productsapp_product USING btree (collection_id);


--
-- Name: productsapp_product_color_id_b3324cae; Type: INDEX; Schema: public; Owner: adminadmin
--

CREATE INDEX productsapp_product_color_id_b3324cae ON public.productsapp_product USING btree (color_id);


--
-- Name: productsapp_product_copmositions_id_ce3665ed; Type: INDEX; Schema: public; Owner: adminadmin
--

CREATE INDEX productsapp_product_copmositions_id_ce3665ed ON public.productsapp_product USING btree (copmositions_id);


--
-- Name: productsapp_product_slug_1624d27d; Type: INDEX; Schema: public; Owner: adminadmin
--

CREATE INDEX productsapp_product_slug_1624d27d ON public.productsapp_product USING btree (slug);


--
-- Name: productsapp_product_slug_1624d27d_like; Type: INDEX; Schema: public; Owner: adminadmin
--

CREATE INDEX productsapp_product_slug_1624d27d_like ON public.productsapp_product USING btree (slug varchar_pattern_ops);


--
-- Name: productsapp_product_surface_id_46be1cb7; Type: INDEX; Schema: public; Owner: adminadmin
--

CREATE INDEX productsapp_product_surface_id_46be1cb7 ON public.productsapp_product USING btree (surface_id);


--
-- Name: productsapp_productcategory_name_91ffc4a0_like; Type: INDEX; Schema: public; Owner: adminadmin
--

CREATE INDEX productsapp_productcategory_name_91ffc4a0_like ON public.productsapp_productcategory USING btree (name varchar_pattern_ops);


--
-- Name: productsapp_productcategory_slug_517e88ef_like; Type: INDEX; Schema: public; Owner: adminadmin
--

CREATE INDEX productsapp_productcategory_slug_517e88ef_like ON public.productsapp_productcategory USING btree (slug varchar_pattern_ops);


--
-- Name: productsapp_productcolor_name_dfebc74e_like; Type: INDEX; Schema: public; Owner: adminadmin
--

CREATE INDEX productsapp_productcolor_name_dfebc74e_like ON public.productsapp_productcolor USING btree (name varchar_pattern_ops);


--
-- Name: productsapp_productcolor_slug_c542b75d_like; Type: INDEX; Schema: public; Owner: adminadmin
--

CREATE INDEX productsapp_productcolor_slug_c542b75d_like ON public.productsapp_productcolor USING btree (slug varchar_pattern_ops);


--
-- Name: productsapp_productcountry_name_66a46265_like; Type: INDEX; Schema: public; Owner: adminadmin
--

CREATE INDEX productsapp_productcountry_name_66a46265_like ON public.productsapp_productcountry USING btree (name varchar_pattern_ops);


--
-- Name: productsapp_productcountry_slug_1e4afb4d_like; Type: INDEX; Schema: public; Owner: adminadmin
--

CREATE INDEX productsapp_productcountry_slug_1e4afb4d_like ON public.productsapp_productcountry USING btree (slug varchar_pattern_ops);


--
-- Name: productsapp_productproizvoditel_name_59f5e097_like; Type: INDEX; Schema: public; Owner: adminadmin
--

CREATE INDEX productsapp_productproizvoditel_name_59f5e097_like ON public.productsapp_productproizvoditel USING btree (name varchar_pattern_ops);


--
-- Name: productsapp_productproizvoditel_productcountry_id_aac0bd5e; Type: INDEX; Schema: public; Owner: adminadmin
--

CREATE INDEX productsapp_productproizvoditel_productcountry_id_aac0bd5e ON public.productsapp_productproizvoditel USING btree (productcountry_id);


--
-- Name: productsapp_productproizvoditel_slug_fc68908d_like; Type: INDEX; Schema: public; Owner: adminadmin
--

CREATE INDEX productsapp_productproizvoditel_slug_fc68908d_like ON public.productsapp_productproizvoditel USING btree (slug varchar_pattern_ops);


--
-- Name: productsapp_producttype_name_201c9c9f_like; Type: INDEX; Schema: public; Owner: adminadmin
--

CREATE INDEX productsapp_producttype_name_201c9c9f_like ON public.productsapp_producttype USING btree (name varchar_pattern_ops);


--
-- Name: productsapp_producttype_slug_ae8ab710_like; Type: INDEX; Schema: public; Owner: adminadmin
--

CREATE INDEX productsapp_producttype_slug_ae8ab710_like ON public.productsapp_producttype USING btree (slug varchar_pattern_ops);


--
-- Name: productsapp_producttypesurface_name_c072b7c0_like; Type: INDEX; Schema: public; Owner: adminadmin
--

CREATE INDEX productsapp_producttypesurface_name_c072b7c0_like ON public.productsapp_producttypesurface USING btree (name varchar_pattern_ops);


--
-- Name: productsapp_producttypesurface_slug_30d1df5c_like; Type: INDEX; Schema: public; Owner: adminadmin
--

CREATE INDEX productsapp_producttypesurface_slug_30d1df5c_like ON public.productsapp_producttypesurface USING btree (slug varchar_pattern_ops);


--
-- Name: productsapp_productсollection_name_ba3bbf27_like; Type: INDEX; Schema: public; Owner: adminadmin
--

CREATE INDEX "productsapp_productсollection_name_ba3bbf27_like" ON public."productsapp_productсollection" USING btree (name varchar_pattern_ops);


--
-- Name: productsapp_productсollection_productcategory_id_82ef6547; Type: INDEX; Schema: public; Owner: adminadmin
--

CREATE INDEX "productsapp_productсollection_productcategory_id_82ef6547" ON public."productsapp_productсollection" USING btree (productcategory_id);


--
-- Name: productsapp_productсollection_productproizvoditel_id_b7388ef2; Type: INDEX; Schema: public; Owner: adminadmin
--

CREATE INDEX "productsapp_productсollection_productproizvoditel_id_b7388ef2" ON public."productsapp_productсollection" USING btree (productproizvoditel_id);


--
-- Name: productsapp_productсollection_slug_2bc37e53_like; Type: INDEX; Schema: public; Owner: adminadmin
--

CREATE INDEX "productsapp_productсollection_slug_2bc37e53_like" ON public."productsapp_productсollection" USING btree (slug varchar_pattern_ops);


--
-- Name: auth_group_permissio_permission_id_84c5c92e_fk_auth_perm; Type: FK CONSTRAINT; Schema: public; Owner: adminadmin
--

ALTER TABLE ONLY public.auth_group_permissions
    ADD CONSTRAINT auth_group_permissio_permission_id_84c5c92e_fk_auth_perm FOREIGN KEY (permission_id) REFERENCES public.auth_permission(id) DEFERRABLE INITIALLY DEFERRED;


--
-- Name: auth_group_permissions_group_id_b120cbf9_fk_auth_group_id; Type: FK CONSTRAINT; Schema: public; Owner: adminadmin
--

ALTER TABLE ONLY public.auth_group_permissions
    ADD CONSTRAINT auth_group_permissions_group_id_b120cbf9_fk_auth_group_id FOREIGN KEY (group_id) REFERENCES public.auth_group(id) DEFERRABLE INITIALLY DEFERRED;


--
-- Name: auth_permission_content_type_id_2f476e4b_fk_django_co; Type: FK CONSTRAINT; Schema: public; Owner: adminadmin
--

ALTER TABLE ONLY public.auth_permission
    ADD CONSTRAINT auth_permission_content_type_id_2f476e4b_fk_django_co FOREIGN KEY (content_type_id) REFERENCES public.django_content_type(id) DEFERRABLE INITIALLY DEFERRED;


--
-- Name: auth_user_groups_group_id_97559544_fk_auth_group_id; Type: FK CONSTRAINT; Schema: public; Owner: adminadmin
--

ALTER TABLE ONLY public.auth_user_groups
    ADD CONSTRAINT auth_user_groups_group_id_97559544_fk_auth_group_id FOREIGN KEY (group_id) REFERENCES public.auth_group(id) DEFERRABLE INITIALLY DEFERRED;


--
-- Name: auth_user_groups_user_id_6a12ed8b_fk_auth_user_id; Type: FK CONSTRAINT; Schema: public; Owner: adminadmin
--

ALTER TABLE ONLY public.auth_user_groups
    ADD CONSTRAINT auth_user_groups_user_id_6a12ed8b_fk_auth_user_id FOREIGN KEY (user_id) REFERENCES public.auth_user(id) DEFERRABLE INITIALLY DEFERRED;


--
-- Name: auth_user_user_permi_permission_id_1fbb5f2c_fk_auth_perm; Type: FK CONSTRAINT; Schema: public; Owner: adminadmin
--

ALTER TABLE ONLY public.auth_user_user_permissions
    ADD CONSTRAINT auth_user_user_permi_permission_id_1fbb5f2c_fk_auth_perm FOREIGN KEY (permission_id) REFERENCES public.auth_permission(id) DEFERRABLE INITIALLY DEFERRED;


--
-- Name: auth_user_user_permissions_user_id_a95ead1b_fk_auth_user_id; Type: FK CONSTRAINT; Schema: public; Owner: adminadmin
--

ALTER TABLE ONLY public.auth_user_user_permissions
    ADD CONSTRAINT auth_user_user_permissions_user_id_a95ead1b_fk_auth_user_id FOREIGN KEY (user_id) REFERENCES public.auth_user(id) DEFERRABLE INITIALLY DEFERRED;


--
-- Name: django_admin_log_content_type_id_c4bce8eb_fk_django_co; Type: FK CONSTRAINT; Schema: public; Owner: adminadmin
--

ALTER TABLE ONLY public.django_admin_log
    ADD CONSTRAINT django_admin_log_content_type_id_c4bce8eb_fk_django_co FOREIGN KEY (content_type_id) REFERENCES public.django_content_type(id) DEFERRABLE INITIALLY DEFERRED;


--
-- Name: django_admin_log_user_id_c564eba6_fk_auth_user_id; Type: FK CONSTRAINT; Schema: public; Owner: adminadmin
--

ALTER TABLE ONLY public.django_admin_log
    ADD CONSTRAINT django_admin_log_user_id_c564eba6_fk_auth_user_id FOREIGN KEY (user_id) REFERENCES public.auth_user(id) DEFERRABLE INITIALLY DEFERRED;


--
-- Name: ordersapp_orderitem_order_id_a1977ca1_fk_ordersapp_order_id; Type: FK CONSTRAINT; Schema: public; Owner: adminadmin
--

ALTER TABLE ONLY public.ordersapp_orderitem
    ADD CONSTRAINT ordersapp_orderitem_order_id_a1977ca1_fk_ordersapp_order_id FOREIGN KEY (order_id) REFERENCES public.ordersapp_order(id) DEFERRABLE INITIALLY DEFERRED;


--
-- Name: ordersapp_orderitem_product_id_163e3c97_fk_productsa; Type: FK CONSTRAINT; Schema: public; Owner: adminadmin
--

ALTER TABLE ONLY public.ordersapp_orderitem
    ADD CONSTRAINT ordersapp_orderitem_product_id_163e3c97_fk_productsa FOREIGN KEY (product_id) REFERENCES public.productsapp_product(id) DEFERRABLE INITIALLY DEFERRED;


--
-- Name: productsapp_composit_collection_id_5d928225_fk_productsa; Type: FK CONSTRAINT; Schema: public; Owner: adminadmin
--

ALTER TABLE ONLY public.productsapp_compositionscollection
    ADD CONSTRAINT productsapp_composit_collection_id_5d928225_fk_productsa FOREIGN KEY (collection_id) REFERENCES public."productsapp_productсollection"(id) DEFERRABLE INITIALLY DEFERRED;


--
-- Name: productsapp_composit_name_id_19d7ca4c_fk_productsa; Type: FK CONSTRAINT; Schema: public; Owner: adminadmin
--

ALTER TABLE ONLY public.productsapp_compositionscollection
    ADD CONSTRAINT productsapp_composit_name_id_19d7ca4c_fk_productsa FOREIGN KEY (name_id) REFERENCES public.productsapp_producttype(id) DEFERRABLE INITIALLY DEFERRED;


--
-- Name: productsapp_product_category_id_f9f4f57a_fk_productsa; Type: FK CONSTRAINT; Schema: public; Owner: adminadmin
--

ALTER TABLE ONLY public.productsapp_product
    ADD CONSTRAINT productsapp_product_category_id_f9f4f57a_fk_productsa FOREIGN KEY (category_id) REFERENCES public.productsapp_productcategory(id) DEFERRABLE INITIALLY DEFERRED;


--
-- Name: productsapp_product_collection_id_c2cda512_fk_productsa; Type: FK CONSTRAINT; Schema: public; Owner: adminadmin
--

ALTER TABLE ONLY public.productsapp_product
    ADD CONSTRAINT productsapp_product_collection_id_c2cda512_fk_productsa FOREIGN KEY (collection_id) REFERENCES public."productsapp_productсollection"(id) DEFERRABLE INITIALLY DEFERRED;


--
-- Name: productsapp_product_color_id_b3324cae_fk_productsa; Type: FK CONSTRAINT; Schema: public; Owner: adminadmin
--

ALTER TABLE ONLY public.productsapp_product
    ADD CONSTRAINT productsapp_product_color_id_b3324cae_fk_productsa FOREIGN KEY (color_id) REFERENCES public.productsapp_productcolor(id) DEFERRABLE INITIALLY DEFERRED;


--
-- Name: productsapp_product_copmositions_id_ce3665ed_fk_productsa; Type: FK CONSTRAINT; Schema: public; Owner: adminadmin
--

ALTER TABLE ONLY public.productsapp_product
    ADD CONSTRAINT productsapp_product_copmositions_id_ce3665ed_fk_productsa FOREIGN KEY (copmositions_id) REFERENCES public.productsapp_compositionscollection(id) DEFERRABLE INITIALLY DEFERRED;


--
-- Name: productsapp_product_surface_id_46be1cb7_fk_productsa; Type: FK CONSTRAINT; Schema: public; Owner: adminadmin
--

ALTER TABLE ONLY public.productsapp_product
    ADD CONSTRAINT productsapp_product_surface_id_46be1cb7_fk_productsa FOREIGN KEY (surface_id) REFERENCES public.productsapp_producttypesurface(id) DEFERRABLE INITIALLY DEFERRED;


--
-- Name: productsapp_productp_productcountry_id_aac0bd5e_fk_productsa; Type: FK CONSTRAINT; Schema: public; Owner: adminadmin
--

ALTER TABLE ONLY public.productsapp_productproizvoditel
    ADD CONSTRAINT productsapp_productp_productcountry_id_aac0bd5e_fk_productsa FOREIGN KEY (productcountry_id) REFERENCES public.productsapp_productcountry(id) DEFERRABLE INITIALLY DEFERRED;


--
-- Name: productsapp_productс_productcategory_id_82ef6547_fk_productsa; Type: FK CONSTRAINT; Schema: public; Owner: adminadmin
--

ALTER TABLE ONLY public."productsapp_productсollection"
    ADD CONSTRAINT "productsapp_productс_productcategory_id_82ef6547_fk_productsa" FOREIGN KEY (productcategory_id) REFERENCES public.productsapp_productcategory(id) DEFERRABLE INITIALLY DEFERRED;


--
-- Name: productsapp_productс_productproizvoditel__b7388ef2_fk_products; Type: FK CONSTRAINT; Schema: public; Owner: adminadmin
--

ALTER TABLE ONLY public."productsapp_productсollection"
    ADD CONSTRAINT "productsapp_productс_productproizvoditel__b7388ef2_fk_products" FOREIGN KEY (productproizvoditel_id) REFERENCES public.productsapp_productproizvoditel(id) DEFERRABLE INITIALLY DEFERRED;


--
-- Name: SCHEMA public; Type: ACL; Schema: -; Owner: postgres
--

REVOKE ALL ON SCHEMA public FROM PUBLIC;
REVOKE ALL ON SCHEMA public FROM postgres;
GRANT ALL ON SCHEMA public TO postgres;
GRANT ALL ON SCHEMA public TO PUBLIC;


--
-- PostgreSQL database dump complete
--

